--------------------------------------------------------
--  파일이 생성됨 - 금요일-8월-17-2018   
--------------------------------------------------------
--------------------------------------------------------
--  DDL for Table BUY1DEP
--------------------------------------------------------

  CREATE TABLE "NZS"."BUY1DEP" 
   (	"B1_NUM" NUMBER, 
	"B1_DATE" DATE DEFAULT SYSDATE, 
	"C_NUM" NUMBER
   ) SEGMENT CREATION IMMEDIATE 
  PCTFREE 10 PCTUSED 40 INITRANS 1 MAXTRANS 255 NOCOMPRESS LOGGING
  STORAGE(INITIAL 65536 NEXT 1048576 MINEXTENTS 1 MAXEXTENTS 2147483645
  PCTINCREASE 0 FREELISTS 1 FREELIST GROUPS 1 BUFFER_POOL DEFAULT FLASH_CACHE DEFAULT CELL_FLASH_CACHE DEFAULT)
  TABLESPACE "NZSDATA" ;
 

   COMMENT ON COLUMN "NZS"."BUY1DEP"."B1_NUM" IS 'b1_num';
 
   COMMENT ON COLUMN "NZS"."BUY1DEP"."B1_DATE" IS 'b1_date';
 
   COMMENT ON COLUMN "NZS"."BUY1DEP"."C_NUM" IS 'c_num';
 
   COMMENT ON TABLE "NZS"."BUY1DEP"  IS '구매 테이블(상)';
--------------------------------------------------------
--  DDL for Table BUY2DEP
--------------------------------------------------------

  CREATE TABLE "NZS"."BUY2DEP" 
   (	"B2_NUM" NUMBER, 
	"B1_NUM" NUMBER, 
	"PS_NUM" NUMBER, 
	"B_COUNT" NUMBER, 
	"B_CONFIRM" NUMBER
   ) SEGMENT CREATION IMMEDIATE 
  PCTFREE 10 PCTUSED 40 INITRANS 1 MAXTRANS 255 NOCOMPRESS LOGGING
  STORAGE(INITIAL 65536 NEXT 1048576 MINEXTENTS 1 MAXEXTENTS 2147483645
  PCTINCREASE 0 FREELISTS 1 FREELIST GROUPS 1 BUFFER_POOL DEFAULT FLASH_CACHE DEFAULT CELL_FLASH_CACHE DEFAULT)
  TABLESPACE "NZSDATA" ;
 

   COMMENT ON COLUMN "NZS"."BUY2DEP"."B2_NUM" IS '번호';
 
   COMMENT ON COLUMN "NZS"."BUY2DEP"."B1_NUM" IS '구매 번호(상)';
 
   COMMENT ON COLUMN "NZS"."BUY2DEP"."PS_NUM" IS '(판매)상품번호';
 
   COMMENT ON COLUMN "NZS"."BUY2DEP"."B_COUNT" IS '갯수';
 
   COMMENT ON COLUMN "NZS"."BUY2DEP"."B_CONFIRM" IS '수령확인';
 
   COMMENT ON TABLE "NZS"."BUY2DEP"  IS '구매 테이블(하)';
--------------------------------------------------------
--  DDL for Table CART1DEP
--------------------------------------------------------

  CREATE TABLE "NZS"."CART1DEP" 
   (	"CART1_NUM" NUMBER, 
	"CART1_DATE" DATE DEFAULT SYSDATE, 
	"C_NUM" NUMBER
   ) SEGMENT CREATION IMMEDIATE 
  PCTFREE 10 PCTUSED 40 INITRANS 1 MAXTRANS 255 NOCOMPRESS LOGGING
  STORAGE(INITIAL 65536 NEXT 1048576 MINEXTENTS 1 MAXEXTENTS 2147483645
  PCTINCREASE 0 FREELISTS 1 FREELIST GROUPS 1 BUFFER_POOL DEFAULT FLASH_CACHE DEFAULT CELL_FLASH_CACHE DEFAULT)
  TABLESPACE "NZSDATA" ;
 

   COMMENT ON COLUMN "NZS"."CART1DEP"."CART1_NUM" IS '번호';
 
   COMMENT ON COLUMN "NZS"."CART1DEP"."CART1_DATE" IS '등록일 및 수정일';
 
   COMMENT ON COLUMN "NZS"."CART1DEP"."C_NUM" IS '고객 번호';
 
   COMMENT ON TABLE "NZS"."CART1DEP"  IS '장바구니(상)';
--------------------------------------------------------
--  DDL for Table CART2DEP
--------------------------------------------------------

  CREATE TABLE "NZS"."CART2DEP" 
   (	"CART2_NUM" NUMBER, 
	"CART1_NUM" NUMBER, 
	"PS_NUM" NUMBER, 
	"CART2_COUNT" NUMBER
   ) SEGMENT CREATION IMMEDIATE 
  PCTFREE 10 PCTUSED 40 INITRANS 1 MAXTRANS 255 NOCOMPRESS LOGGING
  STORAGE(INITIAL 65536 NEXT 1048576 MINEXTENTS 1 MAXEXTENTS 2147483645
  PCTINCREASE 0 FREELISTS 1 FREELIST GROUPS 1 BUFFER_POOL DEFAULT FLASH_CACHE DEFAULT CELL_FLASH_CACHE DEFAULT)
  TABLESPACE "NZSDATA" ;
 

   COMMENT ON COLUMN "NZS"."CART2DEP"."CART2_NUM" IS '장바구니 번호';
 
   COMMENT ON COLUMN "NZS"."CART2DEP"."CART1_NUM" IS '장바구니 1dep 번호';
 
   COMMENT ON COLUMN "NZS"."CART2DEP"."PS_NUM" IS '상품번호';
 
   COMMENT ON COLUMN "NZS"."CART2DEP"."CART2_COUNT" IS '수량';
 
   COMMENT ON TABLE "NZS"."CART2DEP"  IS '장바구니 정보';
--------------------------------------------------------
--  DDL for Table CATEGORY1DEP
--------------------------------------------------------

  CREATE TABLE "NZS"."CATEGORY1DEP" 
   (	"C1_NUM" NUMBER, 
	"C1_NAME" VARCHAR2(50 BYTE)
   ) SEGMENT CREATION IMMEDIATE 
  PCTFREE 10 PCTUSED 40 INITRANS 1 MAXTRANS 255 NOCOMPRESS LOGGING
  STORAGE(INITIAL 65536 NEXT 1048576 MINEXTENTS 1 MAXEXTENTS 2147483645
  PCTINCREASE 0 FREELISTS 1 FREELIST GROUPS 1 BUFFER_POOL DEFAULT FLASH_CACHE DEFAULT CELL_FLASH_CACHE DEFAULT)
  TABLESPACE "NZSDATA" ;
 

   COMMENT ON COLUMN "NZS"."CATEGORY1DEP"."C1_NUM" IS '카테고리 대분류 번호';
 
   COMMENT ON COLUMN "NZS"."CATEGORY1DEP"."C1_NAME" IS '카테고리 대분류 이름';
 
   COMMENT ON TABLE "NZS"."CATEGORY1DEP"  IS '카테고리 대분류 테이블';
--------------------------------------------------------
--  DDL for Table CATEGORY2DEP
--------------------------------------------------------

  CREATE TABLE "NZS"."CATEGORY2DEP" 
   (	"C2_NUM" NUMBER, 
	"C2_NAME" VARCHAR2(50 BYTE), 
	"C1_NUM" NUMBER
   ) SEGMENT CREATION IMMEDIATE 
  PCTFREE 10 PCTUSED 40 INITRANS 1 MAXTRANS 255 NOCOMPRESS LOGGING
  STORAGE(INITIAL 65536 NEXT 1048576 MINEXTENTS 1 MAXEXTENTS 2147483645
  PCTINCREASE 0 FREELISTS 1 FREELIST GROUPS 1 BUFFER_POOL DEFAULT FLASH_CACHE DEFAULT CELL_FLASH_CACHE DEFAULT)
  TABLESPACE "NZSDATA" ;
 

   COMMENT ON COLUMN "NZS"."CATEGORY2DEP"."C2_NUM" IS '카테고리 소분류 번호';
 
   COMMENT ON COLUMN "NZS"."CATEGORY2DEP"."C2_NAME" IS '카테고리 소분류 이름';
 
   COMMENT ON COLUMN "NZS"."CATEGORY2DEP"."C1_NUM" IS '카테고리 대분류 번호';
 
   COMMENT ON TABLE "NZS"."CATEGORY2DEP"  IS '카테고리 소분류 테이블';
--------------------------------------------------------
--  DDL for Table CINFO
--------------------------------------------------------

  CREATE TABLE "NZS"."CINFO" 
   (	"CIN_NUM" NUMBER, 
	"C_NUM" NUMBER, 
	"CIN_SMS" NUMBER, 
	"CIN_EMAIL" NUMBER, 
	"CIN_SMSDATE" DATE DEFAULT sysdate, 
	"CIN_EMAILDATE" DATE DEFAULT sysdate, 
	"CIN_PROV1" NUMBER, 
	"CIN_PROV2" NUMBER, 
	"CIN_PROV3" NUMBER, 
	"CIN_PROV4" NUMBER, 
	"CIN_PROV5" NUMBER, 
	"CIN_PROVDATE" DATE DEFAULT sysdate, 
	"PROCIN_NUM" NUMBER
   ) SEGMENT CREATION IMMEDIATE 
  PCTFREE 10 PCTUSED 40 INITRANS 1 MAXTRANS 255 NOCOMPRESS LOGGING
  STORAGE(INITIAL 65536 NEXT 1048576 MINEXTENTS 1 MAXEXTENTS 2147483645
  PCTINCREASE 0 FREELISTS 1 FREELIST GROUPS 1 BUFFER_POOL DEFAULT FLASH_CACHE DEFAULT CELL_FLASH_CACHE DEFAULT)
  TABLESPACE "NZSDATA" ;
 

   COMMENT ON COLUMN "NZS"."CINFO"."CIN_NUM" IS '정보수신 번호';
 
   COMMENT ON COLUMN "NZS"."CINFO"."C_NUM" IS '고객 번호';
 
   COMMENT ON COLUMN "NZS"."CINFO"."CIN_SMS" IS 'sms정보수신 여부';
 
   COMMENT ON COLUMN "NZS"."CINFO"."CIN_EMAIL" IS 'email 정보수신 여부';
 
   COMMENT ON COLUMN "NZS"."CINFO"."CIN_SMSDATE" IS ' e-mail 정보수신 날짜';
 
   COMMENT ON COLUMN "NZS"."CINFO"."CIN_EMAILDATE" IS '정보수신 번호';
 
   COMMENT ON COLUMN "NZS"."CINFO"."CIN_PROV1" IS '약관 동의 여부1';
 
   COMMENT ON COLUMN "NZS"."CINFO"."CIN_PROV2" IS '약관 동의 여부2';
 
   COMMENT ON COLUMN "NZS"."CINFO"."CIN_PROV3" IS '약관 동의 여부3';
 
   COMMENT ON COLUMN "NZS"."CINFO"."CIN_PROV4" IS '약관 동의 여부4';
 
   COMMENT ON COLUMN "NZS"."CINFO"."CIN_PROV5" IS '약관 동의 여부5';
 
   COMMENT ON COLUMN "NZS"."CINFO"."CIN_PROVDATE" IS '약관 동의 날짜';
 
   COMMENT ON COLUMN "NZS"."CINFO"."PROCIN_NUM" IS '소비자 약관 번호';
 
   COMMENT ON TABLE "NZS"."CINFO"  IS '소비자 약관 및 정보수신 테이블';
--------------------------------------------------------
--  DDL for Table CUSTOMER
--------------------------------------------------------

  CREATE TABLE "NZS"."CUSTOMER" 
   (	"C_NUM" NUMBER, 
	"CS_DIVISION" NUMBER, 
	"C_ID" VARCHAR2(35 BYTE), 
	"C_PWD" VARCHAR2(35 BYTE), 
	"C_NAME" VARCHAR2(20 BYTE), 
	"C_GENDER" VARCHAR2(8 BYTE), 
	"C_BIRTHDAY" VARCHAR2(10 BYTE), 
	"C_ADDRESS" VARCHAR2(100 BYTE), 
	"C_MAIL" VARCHAR2(50 BYTE), 
	"C_CELL" VARCHAR2(15 BYTE), 
	"C_DATE" DATE DEFAULT sysdate, 
	"C_LAT" NUMBER, 
	"C_LON" NUMBER, 
	"C_UPDATE" DATE DEFAULT sysdate
   ) SEGMENT CREATION IMMEDIATE 
  PCTFREE 10 PCTUSED 40 INITRANS 1 MAXTRANS 255 NOCOMPRESS LOGGING
  STORAGE(INITIAL 65536 NEXT 1048576 MINEXTENTS 1 MAXEXTENTS 2147483645
  PCTINCREASE 0 FREELISTS 1 FREELIST GROUPS 1 BUFFER_POOL DEFAULT FLASH_CACHE DEFAULT CELL_FLASH_CACHE DEFAULT)
  TABLESPACE "NZSDATA" ;
 

   COMMENT ON COLUMN "NZS"."CUSTOMER"."C_NUM" IS '번호';
 
   COMMENT ON COLUMN "NZS"."CUSTOMER"."CS_DIVISION" IS '구분';
 
   COMMENT ON COLUMN "NZS"."CUSTOMER"."C_ID" IS '아이디';
 
   COMMENT ON COLUMN "NZS"."CUSTOMER"."C_PWD" IS '비밀번호';
 
   COMMENT ON COLUMN "NZS"."CUSTOMER"."C_NAME" IS '이름';
 
   COMMENT ON COLUMN "NZS"."CUSTOMER"."C_GENDER" IS '성별';
 
   COMMENT ON COLUMN "NZS"."CUSTOMER"."C_BIRTHDAY" IS '생년월일';
 
   COMMENT ON COLUMN "NZS"."CUSTOMER"."C_ADDRESS" IS '주소';
 
   COMMENT ON COLUMN "NZS"."CUSTOMER"."C_MAIL" IS '이메일';
 
   COMMENT ON COLUMN "NZS"."CUSTOMER"."C_CELL" IS '핸드폰';
 
   COMMENT ON COLUMN "NZS"."CUSTOMER"."C_DATE" IS '회원가입일';
 
   COMMENT ON TABLE "NZS"."CUSTOMER"  IS '고객 테이블';
--------------------------------------------------------
--  DDL for Table FAVPRODUCT
--------------------------------------------------------

  CREATE TABLE "NZS"."FAVPRODUCT" 
   (	"FP_NUM" NUMBER, 
	"C_NUM" NUMBER, 
	"P_NUM" NUMBER, 
	"FP_DATE" DATE DEFAULT SYSDATE
   ) SEGMENT CREATION IMMEDIATE 
  PCTFREE 10 PCTUSED 40 INITRANS 1 MAXTRANS 255 NOCOMPRESS LOGGING
  STORAGE(INITIAL 65536 NEXT 1048576 MINEXTENTS 1 MAXEXTENTS 2147483645
  PCTINCREASE 0 FREELISTS 1 FREELIST GROUPS 1 BUFFER_POOL DEFAULT FLASH_CACHE DEFAULT CELL_FLASH_CACHE DEFAULT)
  TABLESPACE "NZSDATA" ;
 

   COMMENT ON COLUMN "NZS"."FAVPRODUCT"."FP_NUM" IS '상품 즐겨찾기 번호';
 
   COMMENT ON COLUMN "NZS"."FAVPRODUCT"."C_NUM" IS '고객 번호';
 
   COMMENT ON COLUMN "NZS"."FAVPRODUCT"."P_NUM" IS '(등록)상품 번호';
 
   COMMENT ON COLUMN "NZS"."FAVPRODUCT"."FP_DATE" IS '매장즐겨찾기 등록일';
 
   COMMENT ON TABLE "NZS"."FAVPRODUCT"  IS '상품 즐겨찾기 정보';
--------------------------------------------------------
--  DDL for Table FAVSTORE
--------------------------------------------------------

  CREATE TABLE "NZS"."FAVSTORE" 
   (	"FS_NUM" NUMBER, 
	"C_NUM" NUMBER, 
	"ST_NUM" NUMBER, 
	"FS_DATE" DATE DEFAULT SYSDATE
   ) SEGMENT CREATION IMMEDIATE 
  PCTFREE 10 PCTUSED 40 INITRANS 1 MAXTRANS 255 NOCOMPRESS LOGGING
  STORAGE(INITIAL 65536 NEXT 1048576 MINEXTENTS 1 MAXEXTENTS 2147483645
  PCTINCREASE 0 FREELISTS 1 FREELIST GROUPS 1 BUFFER_POOL DEFAULT FLASH_CACHE DEFAULT CELL_FLASH_CACHE DEFAULT)
  TABLESPACE "NZSDATA" ;
 

   COMMENT ON COLUMN "NZS"."FAVSTORE"."FS_NUM" IS '매장즐겨찾기 번호';
 
   COMMENT ON COLUMN "NZS"."FAVSTORE"."C_NUM" IS '고객 번호';
 
   COMMENT ON COLUMN "NZS"."FAVSTORE"."ST_NUM" IS '매장 번호';
 
   COMMENT ON COLUMN "NZS"."FAVSTORE"."FS_DATE" IS '매장즐겨찾기 등록일';
 
   COMMENT ON TABLE "NZS"."FAVSTORE"  IS '매장즐겨찾기 정보';
--------------------------------------------------------
--  DDL for Table FEES
--------------------------------------------------------

  CREATE TABLE "NZS"."FEES" 
   (	"F_NUM" NUMBER, 
	"S_NUM" NUMBER, 
	"F_RECEIPTDATE" DATE DEFAULT SYSDATE, 
	"F_SETDATE" DATE
   ) SEGMENT CREATION IMMEDIATE 
  PCTFREE 10 PCTUSED 40 INITRANS 1 MAXTRANS 255 NOCOMPRESS LOGGING
  STORAGE(INITIAL 65536 NEXT 1048576 MINEXTENTS 1 MAXEXTENTS 2147483645
  PCTINCREASE 0 FREELISTS 1 FREELIST GROUPS 1 BUFFER_POOL DEFAULT FLASH_CACHE DEFAULT CELL_FLASH_CACHE DEFAULT)
  TABLESPACE "NZSDATA" ;
 

   COMMENT ON COLUMN "NZS"."FEES"."F_NUM" IS '번호';
 
   COMMENT ON COLUMN "NZS"."FEES"."S_NUM" IS '판매자 번호';
 
   COMMENT ON COLUMN "NZS"."FEES"."F_RECEIPTDATE" IS '수령 날짜';
 
   COMMENT ON COLUMN "NZS"."FEES"."F_SETDATE" IS '시작 날짜';
 
   COMMENT ON TABLE "NZS"."FEES"  IS '수수료 테이블';
--------------------------------------------------------
--  DDL for Table LOGINCHECK
--------------------------------------------------------

  CREATE TABLE "NZS"."LOGINCHECK" 
   (	"LC_NUM" NUMBER, 
	"C_NUM" NUMBER, 
	"S_NUM" NUMBER, 
	"LC_SUCCESS" NUMBER, 
	"LC_FAIL" NUMBER, 
	"LC_CHECK" NUMBER, 
	"LC_DATE" DATE DEFAULT sysdate, 
	"LC_IP" VARCHAR2(15 BYTE)
   ) SEGMENT CREATION IMMEDIATE 
  PCTFREE 10 PCTUSED 40 INITRANS 1 MAXTRANS 255 NOCOMPRESS LOGGING
  STORAGE(INITIAL 65536 NEXT 1048576 MINEXTENTS 1 MAXEXTENTS 2147483645
  PCTINCREASE 0 FREELISTS 1 FREELIST GROUPS 1 BUFFER_POOL DEFAULT FLASH_CACHE DEFAULT CELL_FLASH_CACHE DEFAULT)
  TABLESPACE "NZSDATA" ;
 

   COMMENT ON COLUMN "NZS"."LOGINCHECK"."LC_NUM" IS '로그인 번호';
 
   COMMENT ON COLUMN "NZS"."LOGINCHECK"."C_NUM" IS '고객번호';
 
   COMMENT ON COLUMN "NZS"."LOGINCHECK"."S_NUM" IS '판매자 번호';
 
   COMMENT ON COLUMN "NZS"."LOGINCHECK"."LC_SUCCESS" IS '마지막 성공 로그인';
 
   COMMENT ON COLUMN "NZS"."LOGINCHECK"."LC_FAIL" IS '마지막 실패 로그인';
 
   COMMENT ON COLUMN "NZS"."LOGINCHECK"."LC_CHECK" IS '로그인 한 횟수';
 
   COMMENT ON COLUMN "NZS"."LOGINCHECK"."LC_DATE" IS '로그 시도 시간';
 
   COMMENT ON COLUMN "NZS"."LOGINCHECK"."LC_IP" IS '로그인 IP';
 
   COMMENT ON TABLE "NZS"."LOGINCHECK"  IS '소비자 약관 및 정보수신 테이블';
--------------------------------------------------------
--  DDL for Table PREVIEW
--------------------------------------------------------

  CREATE TABLE "NZS"."PREVIEW" 
   (	"PRV_NUM" NUMBER, 
	"C_NUM" NUMBER, 
	"P_NUM" NUMBER, 
	"PRV_DATE" DATE DEFAULT sysdate, 
	"PRV_IMAGE" VARCHAR2(500 BYTE), 
	"PRV_CONTENT" VARCHAR2(4000 BYTE), 
	"PRV_SCOPE" NUMBER
   ) SEGMENT CREATION IMMEDIATE 
  PCTFREE 10 PCTUSED 40 INITRANS 1 MAXTRANS 255 NOCOMPRESS LOGGING
  STORAGE(INITIAL 65536 NEXT 1048576 MINEXTENTS 1 MAXEXTENTS 2147483645
  PCTINCREASE 0 FREELISTS 1 FREELIST GROUPS 1 BUFFER_POOL DEFAULT FLASH_CACHE DEFAULT CELL_FLASH_CACHE DEFAULT)
  TABLESPACE "NZSDATA" ;
 

   COMMENT ON COLUMN "NZS"."PREVIEW"."PRV_NUM" IS '리뷰 번호';
 
   COMMENT ON COLUMN "NZS"."PREVIEW"."C_NUM" IS '고객번호';
 
   COMMENT ON COLUMN "NZS"."PREVIEW"."P_NUM" IS '상품번호';
 
   COMMENT ON COLUMN "NZS"."PREVIEW"."PRV_DATE" IS '등록 시간 및 수정 시간';
 
   COMMENT ON COLUMN "NZS"."PREVIEW"."PRV_IMAGE" IS '사진';
 
   COMMENT ON COLUMN "NZS"."PREVIEW"."PRV_CONTENT" IS '리뷰 내용';
 
   COMMENT ON COLUMN "NZS"."PREVIEW"."PRV_SCOPE" IS '리뷰 별점';
 
   COMMENT ON TABLE "NZS"."PREVIEW"  IS '상품 리뷰 테이블';
--------------------------------------------------------
--  DDL for Table PROCINFO
--------------------------------------------------------

  CREATE TABLE "NZS"."PROCINFO" 
   (	"PROCIN_NUM" NUMBER, 
	"PROCIN_CONTENT" VARCHAR2(4000 BYTE), 
	"PROCIN_DATE" DATE DEFAULT sysdate
   ) SEGMENT CREATION IMMEDIATE 
  PCTFREE 10 PCTUSED 40 INITRANS 1 MAXTRANS 255 NOCOMPRESS LOGGING
  STORAGE(INITIAL 65536 NEXT 1048576 MINEXTENTS 1 MAXEXTENTS 2147483645
  PCTINCREASE 0 FREELISTS 1 FREELIST GROUPS 1 BUFFER_POOL DEFAULT FLASH_CACHE DEFAULT CELL_FLASH_CACHE DEFAULT)
  TABLESPACE "NZSDATA" ;
 

   COMMENT ON COLUMN "NZS"."PROCINFO"."PROCIN_NUM" IS '소비자 약관 번호';
 
   COMMENT ON COLUMN "NZS"."PROCINFO"."PROCIN_CONTENT" IS '약관 내용';
 
   COMMENT ON COLUMN "NZS"."PROCINFO"."PROCIN_DATE" IS '약관 수정 날짜';
 
   COMMENT ON TABLE "NZS"."PROCINFO"  IS '소비자 약관 테이블';
--------------------------------------------------------
--  DDL for Table PRODUCT
--------------------------------------------------------

  CREATE TABLE "NZS"."PRODUCT" 
   (	"P_NUM" NUMBER, 
	"C2_NUM" NUMBER, 
	"P_NAME" VARCHAR2(50 BYTE), 
	"P_PRICE" NUMBER, 
	"P_DATE" DATE DEFAULT sysdate, 
	"P_UDATE" DATE DEFAULT sysdate, 
	"P_CONTENT" VARCHAR2(4000 BYTE), 
	"P_DIVISION" VARCHAR2(500 BYTE), 
	"PI_NUM" NUMBER
   ) SEGMENT CREATION IMMEDIATE 
  PCTFREE 10 PCTUSED 40 INITRANS 1 MAXTRANS 255 NOCOMPRESS LOGGING
  STORAGE(INITIAL 65536 NEXT 1048576 MINEXTENTS 1 MAXEXTENTS 2147483645
  PCTINCREASE 0 FREELISTS 1 FREELIST GROUPS 1 BUFFER_POOL DEFAULT FLASH_CACHE DEFAULT CELL_FLASH_CACHE DEFAULT)
  TABLESPACE "NZSDATA" ;
 

   COMMENT ON COLUMN "NZS"."PRODUCT"."P_NUM" IS '상품 번호';
 
   COMMENT ON COLUMN "NZS"."PRODUCT"."C2_NUM" IS '카테고리 소분류 번호';
 
   COMMENT ON COLUMN "NZS"."PRODUCT"."P_NAME" IS '상품 이름';
 
   COMMENT ON COLUMN "NZS"."PRODUCT"."P_PRICE" IS '상품 가격';
 
   COMMENT ON COLUMN "NZS"."PRODUCT"."P_DATE" IS '상품 등록일';
 
   COMMENT ON COLUMN "NZS"."PRODUCT"."P_UDATE" IS '상품 수정일';
 
   COMMENT ON COLUMN "NZS"."PRODUCT"."P_CONTENT" IS '상품 내용';
 
   COMMENT ON COLUMN "NZS"."PRODUCT"."P_DIVISION" IS '상품 판매점 구분';
 
   COMMENT ON COLUMN "NZS"."PRODUCT"."PI_NUM" IS '상품 이미지 번호';
 
   COMMENT ON TABLE "NZS"."PRODUCT"  IS '상품정보(등록)테이블';
--------------------------------------------------------
--  DDL for Table PRODUCTSELL
--------------------------------------------------------

  CREATE TABLE "NZS"."PRODUCTSELL" 
   (	"PS_NUM" NUMBER, 
	"P_NUM" NUMBER, 
	"PS_REGDATE" DATE DEFAULT sysdate, 
	"PS_EXPIRATION" DATE, 
	"PS_COUNT" NUMBER, 
	"PS_PRICE" NUMBER, 
	"S_NUM" NUMBER, 
	"PS_STATE" NUMBER, 
	"PS_UPDATE" DATE DEFAULT sysdate
   ) SEGMENT CREATION IMMEDIATE 
  PCTFREE 10 PCTUSED 40 INITRANS 1 MAXTRANS 255 NOCOMPRESS LOGGING
  STORAGE(INITIAL 65536 NEXT 1048576 MINEXTENTS 1 MAXEXTENTS 2147483645
  PCTINCREASE 0 FREELISTS 1 FREELIST GROUPS 1 BUFFER_POOL DEFAULT FLASH_CACHE DEFAULT CELL_FLASH_CACHE DEFAULT)
  TABLESPACE "NZSDATA" ;
 

   COMMENT ON COLUMN "NZS"."PRODUCTSELL"."PS_NUM" IS '번호';
 
   COMMENT ON COLUMN "NZS"."PRODUCTSELL"."P_NUM" IS '(등록)상품 번호';
 
   COMMENT ON COLUMN "NZS"."PRODUCTSELL"."PS_REGDATE" IS '등록시간';
 
   COMMENT ON COLUMN "NZS"."PRODUCTSELL"."PS_EXPIRATION" IS '유통기한';
 
   COMMENT ON COLUMN "NZS"."PRODUCTSELL"."PS_COUNT" IS '갯수';
 
   COMMENT ON COLUMN "NZS"."PRODUCTSELL"."PS_PRICE" IS '판매가격';
 
   COMMENT ON COLUMN "NZS"."PRODUCTSELL"."S_NUM" IS '판매자 번호';
 
   COMMENT ON COLUMN "NZS"."PRODUCTSELL"."PS_STATE" IS '상태번호';
 
   COMMENT ON COLUMN "NZS"."PRODUCTSELL"."PS_UPDATE" IS '수정날짜';
 
   COMMENT ON TABLE "NZS"."PRODUCTSELL"  IS '상품정보(판매) 테이블';
--------------------------------------------------------
--  DDL for Table PROIMAGE
--------------------------------------------------------

  CREATE TABLE "NZS"."PROIMAGE" 
   (	"PI_NUM" NUMBER, 
	"PI_IMAGE" VARCHAR2(500 BYTE)
   ) SEGMENT CREATION IMMEDIATE 
  PCTFREE 10 PCTUSED 40 INITRANS 1 MAXTRANS 255 NOCOMPRESS LOGGING
  STORAGE(INITIAL 65536 NEXT 1048576 MINEXTENTS 1 MAXEXTENTS 2147483645
  PCTINCREASE 0 FREELISTS 1 FREELIST GROUPS 1 BUFFER_POOL DEFAULT FLASH_CACHE DEFAULT CELL_FLASH_CACHE DEFAULT)
  TABLESPACE "NZSDATA" ;
 

   COMMENT ON COLUMN "NZS"."PROIMAGE"."PI_NUM" IS '번호';
 
   COMMENT ON COLUMN "NZS"."PROIMAGE"."PI_IMAGE" IS '이미지번호';
 
   COMMENT ON TABLE "NZS"."PROIMAGE"  IS '상품 이미지 테이블';
--------------------------------------------------------
--  DDL for Table PROSINFO
--------------------------------------------------------

  CREATE TABLE "NZS"."PROSINFO" 
   (	"PROSIN_NUM" NUMBER, 
	"PROSIN_CONTENT" VARCHAR2(4000 BYTE), 
	"PROSIN_DATE" DATE DEFAULT sysdate
   ) SEGMENT CREATION IMMEDIATE 
  PCTFREE 10 PCTUSED 40 INITRANS 1 MAXTRANS 255 NOCOMPRESS LOGGING
  STORAGE(INITIAL 65536 NEXT 1048576 MINEXTENTS 1 MAXEXTENTS 2147483645
  PCTINCREASE 0 FREELISTS 1 FREELIST GROUPS 1 BUFFER_POOL DEFAULT FLASH_CACHE DEFAULT CELL_FLASH_CACHE DEFAULT)
  TABLESPACE "NZSDATA" ;
 

   COMMENT ON COLUMN "NZS"."PROSINFO"."PROSIN_NUM" IS '판매자 약관 번호';
 
   COMMENT ON COLUMN "NZS"."PROSINFO"."PROSIN_CONTENT" IS '약관 내용';
 
   COMMENT ON COLUMN "NZS"."PROSINFO"."PROSIN_DATE" IS '약관 수정 날짜';
 
   COMMENT ON TABLE "NZS"."PROSINFO"  IS '판매자 약관 테이블';
--------------------------------------------------------
--  DDL for Table QNA
--------------------------------------------------------

  CREATE TABLE "NZS"."QNA" 
   (	"QNA_NUM" NUMBER, 
	"QNA_TITLE" VARCHAR2(50 BYTE), 
	"QNA_CONTENT" VARCHAR2(4000 BYTE), 
	"C_NUM" NUMBER, 
	"QNA_DATE" DATE DEFAULT sysdate
   ) SEGMENT CREATION IMMEDIATE 
  PCTFREE 10 PCTUSED 40 INITRANS 1 MAXTRANS 255 NOCOMPRESS LOGGING
  STORAGE(INITIAL 65536 NEXT 1048576 MINEXTENTS 1 MAXEXTENTS 2147483645
  PCTINCREASE 0 FREELISTS 1 FREELIST GROUPS 1 BUFFER_POOL DEFAULT FLASH_CACHE DEFAULT CELL_FLASH_CACHE DEFAULT)
  TABLESPACE "NZSDATA" ;
 

   COMMENT ON COLUMN "NZS"."QNA"."QNA_NUM" IS 'QandA 번호';
 
   COMMENT ON COLUMN "NZS"."QNA"."QNA_TITLE" IS 'QandA 제목';
 
   COMMENT ON COLUMN "NZS"."QNA"."QNA_CONTENT" IS 'QandA 내용';
 
   COMMENT ON COLUMN "NZS"."QNA"."C_NUM" IS '고객 번호 -이름 갖고와야함';
 
   COMMENT ON COLUMN "NZS"."QNA"."QNA_DATE" IS 'QandA 작성일';
 
   COMMENT ON TABLE "NZS"."QNA"  IS 'QandA 테이블';
--------------------------------------------------------
--  DDL for Table QNAREPLY
--------------------------------------------------------

  CREATE TABLE "NZS"."QNAREPLY" 
   (	"QR_NUM" NUMBER, 
	"QNA_NUM" NUMBER, 
	"QR_CONTENT" VARCHAR2(4000 BYTE), 
	"QR_DATE" DATE DEFAULT sysdate
   ) SEGMENT CREATION IMMEDIATE 
  PCTFREE 10 PCTUSED 40 INITRANS 1 MAXTRANS 255 NOCOMPRESS LOGGING
  STORAGE(INITIAL 65536 NEXT 1048576 MINEXTENTS 1 MAXEXTENTS 2147483645
  PCTINCREASE 0 FREELISTS 1 FREELIST GROUPS 1 BUFFER_POOL DEFAULT FLASH_CACHE DEFAULT CELL_FLASH_CACHE DEFAULT)
  TABLESPACE "NZSDATA" ;
 

   COMMENT ON COLUMN "NZS"."QNAREPLY"."QR_NUM" IS 'QandA 답글 번호';
 
   COMMENT ON COLUMN "NZS"."QNAREPLY"."QNA_NUM" IS 'QandA 번호';
 
   COMMENT ON COLUMN "NZS"."QNAREPLY"."QR_CONTENT" IS 'QandA 답글 내용';
 
   COMMENT ON COLUMN "NZS"."QNAREPLY"."QR_DATE" IS 'QandA 답글 작성일';
 
   COMMENT ON TABLE "NZS"."QNAREPLY"  IS 'QandA 답글 테이블';
--------------------------------------------------------
--  DDL for Table SELLER
--------------------------------------------------------

  CREATE TABLE "NZS"."SELLER" 
   (	"S_NUM" NUMBER, 
	"CS_DIVISION" NUMBER, 
	"S_ID" VARCHAR2(35 BYTE), 
	"S_PWD" VARCHAR2(35 BYTE), 
	"S_NAME" VARCHAR2(20 BYTE), 
	"S_GENDER" VARCHAR2(8 BYTE), 
	"S_BIRTHDAY" VARCHAR2(10 BYTE), 
	"S_ADDRESS" VARCHAR2(100 BYTE), 
	"S_MAIL" VARCHAR2(50 BYTE), 
	"S_PHONE" VARCHAR2(15 BYTE), 
	"S_CELL" VARCHAR2(15 BYTE), 
	"S_DATE" DATE DEFAULT sysdate
   ) SEGMENT CREATION IMMEDIATE 
  PCTFREE 10 PCTUSED 40 INITRANS 1 MAXTRANS 255 NOCOMPRESS LOGGING
  STORAGE(INITIAL 65536 NEXT 1048576 MINEXTENTS 1 MAXEXTENTS 2147483645
  PCTINCREASE 0 FREELISTS 1 FREELIST GROUPS 1 BUFFER_POOL DEFAULT FLASH_CACHE DEFAULT CELL_FLASH_CACHE DEFAULT)
  TABLESPACE "NZSDATA" ;
 

   COMMENT ON COLUMN "NZS"."SELLER"."S_NUM" IS '번호';
 
   COMMENT ON COLUMN "NZS"."SELLER"."CS_DIVISION" IS '구분';
 
   COMMENT ON COLUMN "NZS"."SELLER"."S_ID" IS '아이디';
 
   COMMENT ON COLUMN "NZS"."SELLER"."S_PWD" IS '비밀번호';
 
   COMMENT ON COLUMN "NZS"."SELLER"."S_NAME" IS '이름';
 
   COMMENT ON COLUMN "NZS"."SELLER"."S_GENDER" IS '성별';
 
   COMMENT ON COLUMN "NZS"."SELLER"."S_BIRTHDAY" IS '생년월일';
 
   COMMENT ON COLUMN "NZS"."SELLER"."S_ADDRESS" IS '주소';
 
   COMMENT ON COLUMN "NZS"."SELLER"."S_MAIL" IS '이메일';
 
   COMMENT ON COLUMN "NZS"."SELLER"."S_PHONE" IS '유선전화';
 
   COMMENT ON COLUMN "NZS"."SELLER"."S_CELL" IS '핸드폰';
 
   COMMENT ON COLUMN "NZS"."SELLER"."S_DATE" IS '판매자가입일';
 
   COMMENT ON TABLE "NZS"."SELLER"  IS '판매자 테이블';
--------------------------------------------------------
--  DDL for Table SINFO
--------------------------------------------------------

  CREATE TABLE "NZS"."SINFO" 
   (	"SIN_NUM" NUMBER, 
	"S_NUM" NUMBER, 
	"SIN_SMS" NUMBER, 
	"SIN_EMAIL" NUMBER, 
	"SIN_SMSDATE" DATE DEFAULT sysdate, 
	"SIN_EMAILDATE" DATE DEFAULT sysdate, 
	"SIN_PROV1" NUMBER, 
	"SIN_PROV2" NUMBER, 
	"SIN_PROV3" NUMBER, 
	"SIN_PROV4" NUMBER, 
	"SIN_PROV5" NUMBER, 
	"SIN_PROVDATE" DATE DEFAULT sysdate, 
	"PROSIN_NUM" NUMBER
   ) SEGMENT CREATION IMMEDIATE 
  PCTFREE 10 PCTUSED 40 INITRANS 1 MAXTRANS 255 NOCOMPRESS LOGGING
  STORAGE(INITIAL 65536 NEXT 1048576 MINEXTENTS 1 MAXEXTENTS 2147483645
  PCTINCREASE 0 FREELISTS 1 FREELIST GROUPS 1 BUFFER_POOL DEFAULT FLASH_CACHE DEFAULT CELL_FLASH_CACHE DEFAULT)
  TABLESPACE "NZSDATA" ;
 

   COMMENT ON COLUMN "NZS"."SINFO"."SIN_NUM" IS '정보수신 번호';
 
   COMMENT ON COLUMN "NZS"."SINFO"."S_NUM" IS '고객 번호';
 
   COMMENT ON COLUMN "NZS"."SINFO"."SIN_SMS" IS 'sms정보수신 여부';
 
   COMMENT ON COLUMN "NZS"."SINFO"."SIN_EMAIL" IS 'email 정보수신 여부';
 
   COMMENT ON COLUMN "NZS"."SINFO"."SIN_SMSDATE" IS 'sms정보수신 날짜';
 
   COMMENT ON COLUMN "NZS"."SINFO"."SIN_EMAILDATE" IS ' e-mail 정보수신 날짜';
 
   COMMENT ON COLUMN "NZS"."SINFO"."SIN_PROV1" IS '약관 동의 여부1';
 
   COMMENT ON COLUMN "NZS"."SINFO"."SIN_PROV2" IS '약관 동의 여부2';
 
   COMMENT ON COLUMN "NZS"."SINFO"."SIN_PROV3" IS '약관 동의 여부3';
 
   COMMENT ON COLUMN "NZS"."SINFO"."SIN_PROV4" IS '약관 동의 여부4';
 
   COMMENT ON COLUMN "NZS"."SINFO"."SIN_PROV5" IS '약관 동의 여부5';
 
   COMMENT ON COLUMN "NZS"."SINFO"."SIN_PROVDATE" IS '약관 동의 날짜';
 
   COMMENT ON COLUMN "NZS"."SINFO"."PROSIN_NUM" IS '판매자 약관 번호';
 
   COMMENT ON TABLE "NZS"."SINFO"  IS '판매자 약관 및 정보수신 테이블';
--------------------------------------------------------
--  DDL for Table SREVIEW
--------------------------------------------------------

  CREATE TABLE "NZS"."SREVIEW" 
   (	"SRV_NUM" NUMBER, 
	"C_NUM" NUMBER, 
	"S_NUM" NUMBER, 
	"SRV_DATE" DATE DEFAULT sysdate, 
	"SRV_IMAGE" VARCHAR2(500 BYTE), 
	"SRV_CONTENT" VARCHAR2(4000 BYTE), 
	"SRV_SCOPE" NUMBER
   ) SEGMENT CREATION IMMEDIATE 
  PCTFREE 10 PCTUSED 40 INITRANS 1 MAXTRANS 255 NOCOMPRESS LOGGING
  STORAGE(INITIAL 65536 NEXT 1048576 MINEXTENTS 1 MAXEXTENTS 2147483645
  PCTINCREASE 0 FREELISTS 1 FREELIST GROUPS 1 BUFFER_POOL DEFAULT FLASH_CACHE DEFAULT CELL_FLASH_CACHE DEFAULT)
  TABLESPACE "NZSDATA" ;
 

   COMMENT ON COLUMN "NZS"."SREVIEW"."SRV_NUM" IS '리뷰 번호';
 
   COMMENT ON COLUMN "NZS"."SREVIEW"."C_NUM" IS '고객번호';
 
   COMMENT ON COLUMN "NZS"."SREVIEW"."S_NUM" IS '판매자 번호';
 
   COMMENT ON COLUMN "NZS"."SREVIEW"."SRV_DATE" IS '등록 시간 및 수정 시간';
 
   COMMENT ON COLUMN "NZS"."SREVIEW"."SRV_IMAGE" IS '사진';
 
   COMMENT ON COLUMN "NZS"."SREVIEW"."SRV_CONTENT" IS '리뷰 내용';
 
   COMMENT ON COLUMN "NZS"."SREVIEW"."SRV_SCOPE" IS '리뷰 별점';
 
   COMMENT ON TABLE "NZS"."SREVIEW"  IS '판매자 리뷰 테이블';
--------------------------------------------------------
--  DDL for Table STORE
--------------------------------------------------------

  CREATE TABLE "NZS"."STORE" 
   (	"ST_NUM" NUMBER, 
	"S_NUM" NUMBER, 
	"ST_BNUM" VARCHAR2(20 BYTE), 
	"ST_NAME" VARCHAR2(200 BYTE), 
	"ST_ADDRESS" VARCHAR2(100 BYTE), 
	"ST_EMAIL" VARCHAR2(50 BYTE), 
	"ST_HOURS" VARCHAR2(15 BYTE), 
	"ST_CELL" VARCHAR2(15 BYTE), 
	"ST_CEO" VARCHAR2(20 BYTE), 
	"ST_LAT" NUMBER, 
	"ST_LON" NUMBER, 
	"ST_DATE" DATE DEFAULT sysdate, 
	"SI_DIVISION" VARCHAR2(100 BYTE)
   ) SEGMENT CREATION IMMEDIATE 
  PCTFREE 10 PCTUSED 40 INITRANS 1 MAXTRANS 255 NOCOMPRESS LOGGING
  STORAGE(INITIAL 65536 NEXT 1048576 MINEXTENTS 1 MAXEXTENTS 2147483645
  PCTINCREASE 0 FREELISTS 1 FREELIST GROUPS 1 BUFFER_POOL DEFAULT FLASH_CACHE DEFAULT CELL_FLASH_CACHE DEFAULT)
  TABLESPACE "NZSDATA" ;
 

   COMMENT ON COLUMN "NZS"."STORE"."ST_NUM" IS '번호';
 
   COMMENT ON COLUMN "NZS"."STORE"."S_NUM" IS '판매자 번호';
 
   COMMENT ON COLUMN "NZS"."STORE"."ST_BNUM" IS '사업자 번호';
 
   COMMENT ON COLUMN "NZS"."STORE"."ST_NAME" IS '상호명';
 
   COMMENT ON COLUMN "NZS"."STORE"."ST_ADDRESS" IS '사업지';
 
   COMMENT ON COLUMN "NZS"."STORE"."ST_EMAIL" IS '이메일';
 
   COMMENT ON COLUMN "NZS"."STORE"."ST_HOURS" IS '영업시간';
 
   COMMENT ON COLUMN "NZS"."STORE"."ST_CELL" IS '휴대전화';
 
   COMMENT ON COLUMN "NZS"."STORE"."ST_CEO" IS '대표자';
 
   COMMENT ON COLUMN "NZS"."STORE"."ST_LAT" IS '위도';
 
   COMMENT ON COLUMN "NZS"."STORE"."ST_LON" IS '경도';
 
   COMMENT ON COLUMN "NZS"."STORE"."ST_DATE" IS '판매자 정보수정 등록일';
 
   COMMENT ON COLUMN "NZS"."STORE"."SI_DIVISION" IS '판매스토어 이미지';
 
   COMMENT ON TABLE "NZS"."STORE"  IS '판매 스토어 테이블';
--------------------------------------------------------
--  DDL for Table STOREIMAGE
--------------------------------------------------------

  CREATE TABLE "NZS"."STOREIMAGE" 
   (	"SI_DIVISION" VARCHAR2(100 BYTE), 
	"SI_IMAGE" VARCHAR2(500 BYTE)
   ) SEGMENT CREATION IMMEDIATE 
  PCTFREE 10 PCTUSED 40 INITRANS 1 MAXTRANS 255 NOCOMPRESS LOGGING
  STORAGE(INITIAL 65536 NEXT 1048576 MINEXTENTS 1 MAXEXTENTS 2147483645
  PCTINCREASE 0 FREELISTS 1 FREELIST GROUPS 1 BUFFER_POOL DEFAULT FLASH_CACHE DEFAULT CELL_FLASH_CACHE DEFAULT)
  TABLESPACE "NZSDATA" ;
 

   COMMENT ON COLUMN "NZS"."STOREIMAGE"."SI_DIVISION" IS '판매점 구분';
 
   COMMENT ON COLUMN "NZS"."STOREIMAGE"."SI_IMAGE" IS '판매점 이미지';
 
   COMMENT ON TABLE "NZS"."STOREIMAGE"  IS '판매점 구분 테이블';
REM INSERTING into NZS.BUY1DEP
SET DEFINE OFF;
Insert into NZS.BUY1DEP (B1_NUM,B1_DATE,C_NUM) values (1,to_date('18/08/15','RR/MM/DD'),1);
Insert into NZS.BUY1DEP (B1_NUM,B1_DATE,C_NUM) values (2,to_date('18/08/16','RR/MM/DD'),2);
REM INSERTING into NZS.BUY2DEP
SET DEFINE OFF;
Insert into NZS.BUY2DEP (B2_NUM,B1_NUM,PS_NUM,B_COUNT,B_CONFIRM) values (1,1,1,3,0);
Insert into NZS.BUY2DEP (B2_NUM,B1_NUM,PS_NUM,B_COUNT,B_CONFIRM) values (2,2,2,2,1);
REM INSERTING into NZS.CART1DEP
SET DEFINE OFF;
Insert into NZS.CART1DEP (CART1_NUM,CART1_DATE,C_NUM) values (1,to_date('18/08/17','RR/MM/DD'),1);
Insert into NZS.CART1DEP (CART1_NUM,CART1_DATE,C_NUM) values (2,to_date('18/08/16','RR/MM/DD'),2);
REM INSERTING into NZS.CART2DEP
SET DEFINE OFF;
Insert into NZS.CART2DEP (CART2_NUM,CART1_NUM,PS_NUM,CART2_COUNT) values (1,2,1,1);
Insert into NZS.CART2DEP (CART2_NUM,CART1_NUM,PS_NUM,CART2_COUNT) values (2,2,2,10);
REM INSERTING into NZS.CATEGORY1DEP
SET DEFINE OFF;
Insert into NZS.CATEGORY1DEP (C1_NUM,C1_NAME) values (1,'간편식사');
Insert into NZS.CATEGORY1DEP (C1_NUM,C1_NAME) values (2,'즉석조리');
Insert into NZS.CATEGORY1DEP (C1_NUM,C1_NAME) values (3,'식품');
Insert into NZS.CATEGORY1DEP (C1_NUM,C1_NAME) values (4,'과자류');
Insert into NZS.CATEGORY1DEP (C1_NUM,C1_NAME) values (5,'아이스크림');
REM INSERTING into NZS.CATEGORY2DEP
SET DEFINE OFF;
Insert into NZS.CATEGORY2DEP (C2_NUM,C2_NAME,C1_NUM) values (1,'도시락',1);
Insert into NZS.CATEGORY2DEP (C2_NUM,C2_NAME,C1_NUM) values (2,'삼각김밥',1);
Insert into NZS.CATEGORY2DEP (C2_NUM,C2_NAME,C1_NUM) values (3,'김밥',1);
Insert into NZS.CATEGORY2DEP (C2_NUM,C2_NAME,C1_NUM) values (4,'샌드위치',1);
Insert into NZS.CATEGORY2DEP (C2_NUM,C2_NAME,C1_NUM) values (5,'햄버거',1);
Insert into NZS.CATEGORY2DEP (C2_NUM,C2_NAME,C1_NUM) values (6,'즉석빵',2);
Insert into NZS.CATEGORY2DEP (C2_NUM,C2_NAME,C1_NUM) values (7,'튀김',2);
Insert into NZS.CATEGORY2DEP (C2_NUM,C2_NAME,C1_NUM) values (8,'도너츠',2);
Insert into NZS.CATEGORY2DEP (C2_NUM,C2_NAME,C1_NUM) values (9,'그릴',2);
REM INSERTING into NZS.CINFO
SET DEFINE OFF;
Insert into NZS.CINFO (CIN_NUM,C_NUM,CIN_SMS,CIN_EMAIL,CIN_SMSDATE,CIN_EMAILDATE,CIN_PROV1,CIN_PROV2,CIN_PROV3,CIN_PROV4,CIN_PROV5,CIN_PROVDATE,PROCIN_NUM) values (1,1,1,1,to_date('18/08/16','RR/MM/DD'),to_date('18/08/16','RR/MM/DD'),1,1,1,1,1,to_date('18/08/16','RR/MM/DD'),1);
Insert into NZS.CINFO (CIN_NUM,C_NUM,CIN_SMS,CIN_EMAIL,CIN_SMSDATE,CIN_EMAILDATE,CIN_PROV1,CIN_PROV2,CIN_PROV3,CIN_PROV4,CIN_PROV5,CIN_PROVDATE,PROCIN_NUM) values (2,1,1,1,to_date('18/08/16','RR/MM/DD'),to_date('18/08/16','RR/MM/DD'),1,1,1,1,1,to_date('18/08/16','RR/MM/DD'),2);
REM INSERTING into NZS.CUSTOMER
SET DEFINE OFF;
Insert into NZS.CUSTOMER (C_NUM,CS_DIVISION,C_ID,C_PWD,C_NAME,C_GENDER,C_BIRTHDAY,C_ADDRESS,C_MAIL,C_CELL,C_DATE,C_LAT,C_LON,C_UPDATE) values (1,0,'customer_user1','customer_user1','김승주','1','1977/01/28','서울 종로구 종로66길 20','user_java1@naver.com','010-6542-6542',to_date('18/08/16','RR/MM/DD'),37.574161,127.021684,to_date('18/08/16','RR/MM/DD'));
Insert into NZS.CUSTOMER (C_NUM,CS_DIVISION,C_ID,C_PWD,C_NAME,C_GENDER,C_BIRTHDAY,C_ADDRESS,C_MAIL,C_CELL,C_DATE,C_LAT,C_LON,C_UPDATE) values (2,0,'customer_user2','customer_user2','손민기','1','1978/12/12','서울 종로구 종로 374','user_sql2@naver.com','010-6543-9875',to_date('18/08/16','RR/MM/DD'),37.573916,127.019063,to_date('18/08/16','RR/MM/DD'));
Insert into NZS.CUSTOMER (C_NUM,CS_DIVISION,C_ID,C_PWD,C_NAME,C_GENDER,C_BIRTHDAY,C_ADDRESS,C_MAIL,C_CELL,C_DATE,C_LAT,C_LON,C_UPDATE) values (3,0,'customer_user3','customer_user3','강기복','1','1979/03/07','서울 중구 장충단로8길 28 아싸컴빌딩','user_jsp3@naver.com','010-9851-6548',to_date('18/08/16','RR/MM/DD'),null,null,to_date('18/08/16','RR/MM/DD'));
Insert into NZS.CUSTOMER (C_NUM,CS_DIVISION,C_ID,C_PWD,C_NAME,C_GENDER,C_BIRTHDAY,C_ADDRESS,C_MAIL,C_CELL,C_DATE,C_LAT,C_LON,C_UPDATE) values (4,0,'customer_user4','customer_user4','박찬건','1','1977/10/09','서울 성동구 왕십리로21길 29','user_html4@naver.com','010-6542-6857',to_date('18/08/16','RR/MM/DD'),null,null,to_date('18/08/16','RR/MM/DD'));
Insert into NZS.CUSTOMER (C_NUM,CS_DIVISION,C_ID,C_PWD,C_NAME,C_GENDER,C_BIRTHDAY,C_ADDRESS,C_MAIL,C_CELL,C_DATE,C_LAT,C_LON,C_UPDATE) values (5,0,'customer_user5','customer_user5','건물주','2','1977/11/30','서울 동대문구 고산자로 407 1층','user_css5@naver.com','010-6874-6542',to_date('18/08/16','RR/MM/DD'),null,null,to_date('18/08/16','RR/MM/DD'));
Insert into NZS.CUSTOMER (C_NUM,CS_DIVISION,C_ID,C_PWD,C_NAME,C_GENDER,C_BIRTHDAY,C_ADDRESS,C_MAIL,C_CELL,C_DATE,C_LAT,C_LON,C_UPDATE) values (10,0,'nm0816','Needmall9999@','박찬건','1','930918','서울시 강서구','needmall@naver.com','010-8888-8888',to_date('18/08/16','RR/MM/DD'),37.562176,127.0352,to_date('18/08/16','RR/MM/DD'));
Insert into NZS.CUSTOMER (C_NUM,CS_DIVISION,C_ID,C_PWD,C_NAME,C_GENDER,C_BIRTHDAY,C_ADDRESS,C_MAIL,C_CELL,C_DATE,C_LAT,C_LON,C_UPDATE) values (11,0,'need0918','Rodls65486@','강기복','2','850402','서울시 성동구','trustray@naver.com','010-7777-0000',to_date('18/08/16','RR/MM/DD'),35.486125,126.8542,to_date('18/08/16','RR/MM/DD'));
REM INSERTING into NZS.FAVPRODUCT
SET DEFINE OFF;
Insert into NZS.FAVPRODUCT (FP_NUM,C_NUM,P_NUM,FP_DATE) values (1,1,1,to_date('18/08/19','RR/MM/DD'));
Insert into NZS.FAVPRODUCT (FP_NUM,C_NUM,P_NUM,FP_DATE) values (2,2,2,to_date('18/08/19','RR/MM/DD'));
REM INSERTING into NZS.FAVSTORE
SET DEFINE OFF;
Insert into NZS.FAVSTORE (FS_NUM,C_NUM,ST_NUM,FS_DATE) values (1,1,1,to_date('18/08/16','RR/MM/DD'));
Insert into NZS.FAVSTORE (FS_NUM,C_NUM,ST_NUM,FS_DATE) values (2,1,2,to_date('18/08/16','RR/MM/DD'));
Insert into NZS.FAVSTORE (FS_NUM,C_NUM,ST_NUM,FS_DATE) values (3,2,1,to_date('18/08/16','RR/MM/DD'));
Insert into NZS.FAVSTORE (FS_NUM,C_NUM,ST_NUM,FS_DATE) values (4,3,2,to_date('18/08/16','RR/MM/DD'));
Insert into NZS.FAVSTORE (FS_NUM,C_NUM,ST_NUM,FS_DATE) values (5,4,2,to_date('18/08/16','RR/MM/DD'));
Insert into NZS.FAVSTORE (FS_NUM,C_NUM,ST_NUM,FS_DATE) values (6,4,1,to_date('18/08/16','RR/MM/DD'));
REM INSERTING into NZS.FEES
SET DEFINE OFF;
Insert into NZS.FEES (F_NUM,S_NUM,F_RECEIPTDATE,F_SETDATE) values (1,1,to_date('18/08/17','RR/MM/DD'),to_date('18/08/18','RR/MM/DD'));
Insert into NZS.FEES (F_NUM,S_NUM,F_RECEIPTDATE,F_SETDATE) values (2,2,to_date('18/08/17','RR/MM/DD'),to_date('18/08/18','RR/MM/DD'));
REM INSERTING into NZS.LOGINCHECK
SET DEFINE OFF;
Insert into NZS.LOGINCHECK (LC_NUM,C_NUM,S_NUM,LC_SUCCESS,LC_FAIL,LC_CHECK,LC_DATE,LC_IP) values (2,2,null,0,1,2,to_date('18/08/16','RR/MM/DD'),'192.168.0.119');
Insert into NZS.LOGINCHECK (LC_NUM,C_NUM,S_NUM,LC_SUCCESS,LC_FAIL,LC_CHECK,LC_DATE,LC_IP) values (3,null,2,1,0,3,to_date('18/08/16','RR/MM/DD'),'192.168.0.119');
REM INSERTING into NZS.PREVIEW
SET DEFINE OFF;
Insert into NZS.PREVIEW (PRV_NUM,C_NUM,P_NUM,PRV_DATE,PRV_IMAGE,PRV_CONTENT,PRV_SCOPE) values (1,4,3,to_date('18/08/19','RR/MM/DD'),'sdfsdfd.jpg','리뷰내용',4.5);
Insert into NZS.PREVIEW (PRV_NUM,C_NUM,P_NUM,PRV_DATE,PRV_IMAGE,PRV_CONTENT,PRV_SCOPE) values (2,2,3,to_date('18/08/19','RR/MM/DD'),null,'리뷰내용',4.5);
REM INSERTING into NZS.PROCINFO
SET DEFINE OFF;
Insert into NZS.PROCINFO (PROCIN_NUM,PROCIN_CONTENT,PROCIN_DATE) values (1,'약관내용1',to_date('18/08/16','RR/MM/DD'));
Insert into NZS.PROCINFO (PROCIN_NUM,PROCIN_CONTENT,PROCIN_DATE) values (2,'약관내용2',to_date('18/08/16','RR/MM/DD'));
REM INSERTING into NZS.PRODUCT
SET DEFINE OFF;
Insert into NZS.PRODUCT (P_NUM,C2_NUM,P_NAME,P_PRICE,P_DATE,P_UDATE,P_CONTENT,P_DIVISION,PI_NUM) values (1,1,'도)민물장어계란초밥',6900,to_date('18/08/16','RR/MM/DD'),to_date('18/08/16','RR/MM/DD'),'2만개 한정운영! 프리미엄 초밥출시!!국내산 민물장어+일본식 계란구이 초밥 신상품','cu',1);
Insert into NZS.PRODUCT (P_NUM,C2_NUM,P_NAME,P_PRICE,P_DATE,P_UDATE,P_CONTENT,P_DIVISION,PI_NUM) values (2,1,'도)의성마늘떡갈비정식',4500,to_date('18/08/16','RR/MM/DD'),to_date('18/08/16','RR/MM/DD'),'달고 진한맛의 최상의 품질 의성마늘 떡갈비 도시락 구성:흑미밥+의성마늘떡갈비+계란찜+매콤어묵조림+건새우호박볶음+볶음김치','cu',2);
Insert into NZS.PRODUCT (P_NUM,C2_NUM,P_NAME,P_PRICE,P_DATE,P_UDATE,P_CONTENT,P_DIVISION,PI_NUM) values (3,1,'도)민물장어도시락',10900,to_date('18/08/16','RR/MM/DD'),to_date('18/08/16','RR/MM/DD'),'하절기 프리미엄 보양식 민물장어 5만개 한정운영 구성:민물장어  인삼밥 수삼 장어 밑반찬 : 마늘절임, 초생강, 양파절임, 장어소스2종+매콤불고기','cu',3);
Insert into NZS.PRODUCT (P_NUM,C2_NUM,P_NAME,P_PRICE,P_DATE,P_UDATE,P_CONTENT,P_DIVISION,PI_NUM) values (4,1,'도)뿌먹치밥',3900,to_date('18/08/16','RR/MM/DD'),to_date('18/08/16','RR/MM/DD'),'취양에 따라 뿌려먹고, 찍어먹는 치밥 도시락 구성: 순살치킨+후리카케밥+특제소스+콘샐러드','cu',4);
Insert into NZS.PRODUCT (P_NUM,C2_NUM,P_NAME,P_PRICE,P_DATE,P_UDATE,P_CONTENT,P_DIVISION,PI_NUM) values (5,1,'김)찍먹팝콘만두',3200,to_date('18/08/16','RR/MM/DD'),to_date('18/08/16','RR/MM/DD'),'간식형 간편식_팝콘만두 구성:꼬마김밥+팝콘만두+감자튀김+달콤칠리소스','cu',5);
Insert into NZS.PRODUCT (P_NUM,C2_NUM,P_NAME,P_PRICE,P_DATE,P_UDATE,P_CONTENT,P_DIVISION,PI_NUM) values (6,2,'주)명란크랩마요Ball',1400,to_date('18/08/16','RR/MM/DD'),to_date('18/08/16','RR/MM/DD'),'일본 가정식 느낌이 고스란히 담긴 명란크랩마요Ball 주먹밥','cu',6);
Insert into NZS.PRODUCT (P_NUM,C2_NUM,P_NAME,P_PRICE,P_DATE,P_UDATE,P_CONTENT,P_DIVISION,PI_NUM) values (7,2,'주)제주햄참치김볶Ball',1500,to_date('18/08/16','RR/MM/DD'),to_date('18/08/16','RR/MM/DD'),'당사만의 대표 차별화 상품 Ball형태 주먹밥! 인기원재료 활용 제주 전용 삼각김밥','cu',7);
Insert into NZS.PRODUCT (P_NUM,C2_NUM,P_NAME,P_PRICE,P_DATE,P_UDATE,P_CONTENT,P_DIVISION,PI_NUM) values (8,6,'즉석빵)듬뿍땅콩크림빵',1200,to_date('18/08/16','RR/MM/DD'),to_date('18/08/16','RR/MM/DD'),'기존 크림중량 대비 10g 증량된 즉석빵','gs',8);
Insert into NZS.PRODUCT (P_NUM,C2_NUM,P_NAME,P_PRICE,P_DATE,P_UDATE,P_CONTENT,P_DIVISION,PI_NUM) values (9,6,'즉석빵)듬뿍우유크림빵',1100,to_date('18/08/16','RR/MM/DD'),to_date('18/08/16','RR/MM/DD'),'기존 크림중량 대비 10g 증량된 즉석빵','gs',9);
Insert into NZS.PRODUCT (P_NUM,C2_NUM,P_NAME,P_PRICE,P_DATE,P_UDATE,P_CONTENT,P_DIVISION,PI_NUM) values (10,6,'즉석빵)듬뿍연유소보로빵',1200,to_date('18/08/16','RR/MM/DD'),to_date('18/08/16','RR/MM/DD'),'기존 크림중량 대비 5g 증량된 즉석빵','공통',10);
REM INSERTING into NZS.PRODUCTSELL
SET DEFINE OFF;
Insert into NZS.PRODUCTSELL (PS_NUM,P_NUM,PS_REGDATE,PS_EXPIRATION,PS_COUNT,PS_PRICE,S_NUM,PS_STATE,PS_UPDATE) values (1,1,to_date('18/08/16','RR/MM/DD'),to_date('18/08/13','RR/MM/DD'),10,5000,1,0,to_date('18/08/16','RR/MM/DD'));
Insert into NZS.PRODUCTSELL (PS_NUM,P_NUM,PS_REGDATE,PS_EXPIRATION,PS_COUNT,PS_PRICE,S_NUM,PS_STATE,PS_UPDATE) values (2,2,to_date('18/08/16','RR/MM/DD'),to_date('18/08/13','RR/MM/DD'),5,3500,1,0,to_date('18/08/16','RR/MM/DD'));
Insert into NZS.PRODUCTSELL (PS_NUM,P_NUM,PS_REGDATE,PS_EXPIRATION,PS_COUNT,PS_PRICE,S_NUM,PS_STATE,PS_UPDATE) values (3,3,to_date('18/08/16','RR/MM/DD'),to_date('18/08/13','RR/MM/DD'),8,7200,1,0,to_date('18/08/16','RR/MM/DD'));
Insert into NZS.PRODUCTSELL (PS_NUM,P_NUM,PS_REGDATE,PS_EXPIRATION,PS_COUNT,PS_PRICE,S_NUM,PS_STATE,PS_UPDATE) values (4,4,to_date('18/08/16','RR/MM/DD'),to_date('18/08/20','RR/MM/DD'),8,2600,1,1,to_date('18/08/16','RR/MM/DD'));
Insert into NZS.PRODUCTSELL (PS_NUM,P_NUM,PS_REGDATE,PS_EXPIRATION,PS_COUNT,PS_PRICE,S_NUM,PS_STATE,PS_UPDATE) values (5,5,to_date('18/08/16','RR/MM/DD'),to_date('18/08/21','RR/MM/DD'),10,2400,1,1,to_date('18/08/16','RR/MM/DD'));
Insert into NZS.PRODUCTSELL (PS_NUM,P_NUM,PS_REGDATE,PS_EXPIRATION,PS_COUNT,PS_PRICE,S_NUM,PS_STATE,PS_UPDATE) values (6,1,to_date('18/08/16','RR/MM/DD'),to_date('18/08/16','RR/MM/DD'),12,4800,2,1,to_date('18/08/16','RR/MM/DD'));
Insert into NZS.PRODUCTSELL (PS_NUM,P_NUM,PS_REGDATE,PS_EXPIRATION,PS_COUNT,PS_PRICE,S_NUM,PS_STATE,PS_UPDATE) values (7,2,to_date('18/08/16','RR/MM/DD'),to_date('18/08/17','RR/MM/DD'),14,3700,2,0,to_date('18/08/16','RR/MM/DD'));
Insert into NZS.PRODUCTSELL (PS_NUM,P_NUM,PS_REGDATE,PS_EXPIRATION,PS_COUNT,PS_PRICE,S_NUM,PS_STATE,PS_UPDATE) values (8,6,to_date('18/08/16','RR/MM/DD'),to_date('18/08/19','RR/MM/DD'),5,900,2,0,to_date('18/08/16','RR/MM/DD'));
Insert into NZS.PRODUCTSELL (PS_NUM,P_NUM,PS_REGDATE,PS_EXPIRATION,PS_COUNT,PS_PRICE,S_NUM,PS_STATE,PS_UPDATE) values (9,7,to_date('18/08/16','RR/MM/DD'),to_date('18/08/19','RR/MM/DD'),7,800,2,0,to_date('18/08/16','RR/MM/DD'));
Insert into NZS.PRODUCTSELL (PS_NUM,P_NUM,PS_REGDATE,PS_EXPIRATION,PS_COUNT,PS_PRICE,S_NUM,PS_STATE,PS_UPDATE) values (10,8,to_date('18/08/16','RR/MM/DD'),to_date('18/08/13','RR/MM/DD'),8,900,2,1,to_date('18/08/16','RR/MM/DD'));
REM INSERTING into NZS.PROIMAGE
SET DEFINE OFF;
Insert into NZS.PROIMAGE (PI_NUM,PI_IMAGE) values (1,'productall_1532500071516_FF28ADADE6FF4A0AA5A3F12B20A0F5B1.jpg');
Insert into NZS.PROIMAGE (PI_NUM,PI_IMAGE) values (2,'productall_1532500065425_4D331FFD2B524ADE96ED86F55DB32E68.jpg');
Insert into NZS.PROIMAGE (PI_NUM,PI_IMAGE) values (3,'productall_1532500043655_72C4C9DECEFB451FAE9DFA3F2D714DB7.jpg');
Insert into NZS.PROIMAGE (PI_NUM,PI_IMAGE) values (4,'productall_1532500065852_079E42FCCB254EC3B5C5E0C393245F5A.jpg');
Insert into NZS.PROIMAGE (PI_NUM,PI_IMAGE) values (5,'productall_1532500012523_A9E1AD22B58A418D87625F8835F1AF07.jpg');
Insert into NZS.PROIMAGE (PI_NUM,PI_IMAGE) values (6,'productall_1532500085632_02699E380C5647A6AAD66F6A34D23D76.jpg');
Insert into NZS.PROIMAGE (PI_NUM,PI_IMAGE) values (7,'productall_1532500063152_9A0D35E8009C43C09C47A06F9B2AFD65.jpg');
Insert into NZS.PROIMAGE (PI_NUM,PI_IMAGE) values (8,'productall_1532500063152_57E17A3D59624E3EA8D6CA90AC9A101B.jpg');
Insert into NZS.PROIMAGE (PI_NUM,PI_IMAGE) values (9,'productall_1532500078526_6CA25996823A429381AFC8993F3ED247.jpg');
Insert into NZS.PROIMAGE (PI_NUM,PI_IMAGE) values (10,'productall_1532500098526_F837C1B4CA7E489D81C43390F393197A.jpg');
REM INSERTING into NZS.PROSINFO
SET DEFINE OFF;
Insert into NZS.PROSINFO (PROSIN_NUM,PROSIN_CONTENT,PROSIN_DATE) values (1,'약관내용1',to_date('18/08/16','RR/MM/DD'));
Insert into NZS.PROSINFO (PROSIN_NUM,PROSIN_CONTENT,PROSIN_DATE) values (2,'약관내용2',to_date('18/08/16','RR/MM/DD'));
REM INSERTING into NZS.QNA
SET DEFINE OFF;
Insert into NZS.QNA (QNA_NUM,QNA_TITLE,QNA_CONTENT,C_NUM,QNA_DATE) values (1,'이메일 인증은 어떻게 하나요?','문의 내용~!문의 내용~!문의 내용~!문의 내용~!',3,to_date('18/08/14','RR/MM/DD'));
Insert into NZS.QNA (QNA_NUM,QNA_TITLE,QNA_CONTENT,C_NUM,QNA_DATE) values (2,'회원 가입 무늬','문의 내용~!문의 내용~!문의 내용~!문의 내용~!',2,to_date('18/08/16','RR/MM/DD'));
REM INSERTING into NZS.QNAREPLY
SET DEFINE OFF;
Insert into NZS.QNAREPLY (QR_NUM,QNA_NUM,QR_CONTENT,QR_DATE) values (1,1,'이메일 인증은 어떻게 하나요?의 답변글',to_date('18/08/14','RR/MM/DD'));
Insert into NZS.QNAREPLY (QR_NUM,QNA_NUM,QR_CONTENT,QR_DATE) values (2,2,'회원 가입 문의의 답변글의 답변글',to_date('18/08/16','RR/MM/DD'));
REM INSERTING into NZS.SELLER
SET DEFINE OFF;
Insert into NZS.SELLER (S_NUM,CS_DIVISION,S_ID,S_PWD,S_NAME,S_GENDER,S_BIRTHDAY,S_ADDRESS,S_MAIL,S_PHONE,S_CELL,S_DATE) values (1,1,'seller_user1','seller_user1','김승주','1','1990/01/05','서울 성동구 고산자로 269','javauser1@naver.com','010-4562-5423','02-352-6521',to_date('18/08/16','RR/MM/DD'));
Insert into NZS.SELLER (S_NUM,CS_DIVISION,S_ID,S_PWD,S_NAME,S_GENDER,S_BIRTHDAY,S_ADDRESS,S_MAIL,S_PHONE,S_CELL,S_DATE) values (2,1,'seller_user2','seller_user2','손민기','1','1992/05/08','서울 성동구 행당로 104-1 한승빌딩 1층 102','scriptuser2@naver.com','010-4562-4562','02-352-4562',to_date('18/08/16','RR/MM/DD'));
Insert into NZS.SELLER (S_NUM,CS_DIVISION,S_ID,S_PWD,S_NAME,S_GENDER,S_BIRTHDAY,S_ADDRESS,S_MAIL,S_PHONE,S_CELL,S_DATE) values (3,1,'seller_user3','seller_user3','강기복','1','1987/06/23','서울 성동구 홍익동 578','sqluser3@naver.com','010-4562-4562','02-352-4561',to_date('18/08/16','RR/MM/DD'));
Insert into NZS.SELLER (S_NUM,CS_DIVISION,S_ID,S_PWD,S_NAME,S_GENDER,S_BIRTHDAY,S_ADDRESS,S_MAIL,S_PHONE,S_CELL,S_DATE) values (4,1,'seller_user4','seller_user4','박찬건','1','1993/08/14','서울 성동구 왕십리로 363-1','jspuser4@naver.com','010-4565-7854','02-352-4567',to_date('18/08/16','RR/MM/DD'));
Insert into NZS.SELLER (S_NUM,CS_DIVISION,S_ID,S_PWD,S_NAME,S_GENDER,S_BIRTHDAY,S_ADDRESS,S_MAIL,S_PHONE,S_CELL,S_DATE) values (5,1,'seller_user5','seller_user5','건물주','2','1988/06/02','서울 성동구 하왕십리동 669','cssuser5@naver.com','010-4567-78654','02-352-5467',to_date('18/08/16','RR/MM/DD'));
REM INSERTING into NZS.SINFO
SET DEFINE OFF;
Insert into NZS.SINFO (SIN_NUM,S_NUM,SIN_SMS,SIN_EMAIL,SIN_SMSDATE,SIN_EMAILDATE,SIN_PROV1,SIN_PROV2,SIN_PROV3,SIN_PROV4,SIN_PROV5,SIN_PROVDATE,PROSIN_NUM) values (1,1,1,1,to_date('18/08/16','RR/MM/DD'),to_date('18/08/16','RR/MM/DD'),1,1,1,1,1,to_date('18/08/16','RR/MM/DD'),1);
Insert into NZS.SINFO (SIN_NUM,S_NUM,SIN_SMS,SIN_EMAIL,SIN_SMSDATE,SIN_EMAILDATE,SIN_PROV1,SIN_PROV2,SIN_PROV3,SIN_PROV4,SIN_PROV5,SIN_PROVDATE,PROSIN_NUM) values (2,2,1,1,to_date('18/08/16','RR/MM/DD'),to_date('18/08/16','RR/MM/DD'),1,1,1,1,1,to_date('18/08/16','RR/MM/DD'),2);
REM INSERTING into NZS.SREVIEW
SET DEFINE OFF;
Insert into NZS.SREVIEW (SRV_NUM,C_NUM,S_NUM,SRV_DATE,SRV_IMAGE,SRV_CONTENT,SRV_SCOPE) values (1,4,3,to_date('18/08/19','RR/MM/DD'),'sdfsdfd11.jpg','리뷰내용',4.5);
Insert into NZS.SREVIEW (SRV_NUM,C_NUM,S_NUM,SRV_DATE,SRV_IMAGE,SRV_CONTENT,SRV_SCOPE) values (2,1,3,to_date('18/08/19','RR/MM/DD'),null,'리뷰내용',4.5);
REM INSERTING into NZS.STORE
SET DEFINE OFF;
Insert into NZS.STORE (ST_NUM,S_NUM,ST_BNUM,ST_NAME,ST_ADDRESS,ST_EMAIL,ST_HOURS,ST_CELL,ST_CEO,ST_LAT,ST_LON,ST_DATE,SI_DIVISION) values (1,1,'123-45-67890','GS25 황학점','서울특별시 중구 황학동 2545','javauser1@naver.com','00:00-24:00','010-5842-9854','김승주',37.571109,127.021412,to_date('18/08/16','RR/MM/DD'),'gs');
Insert into NZS.STORE (ST_NUM,S_NUM,ST_BNUM,ST_NAME,ST_ADDRESS,ST_EMAIL,ST_HOURS,ST_CELL,ST_CEO,ST_LAT,ST_LON,ST_DATE,SI_DIVISION) values (2,2,'223-45-67890','GS25 종로동묘점','서울특별시 종로구 숭인동 316-2','javauser2@naver.com','00:00-24:00','010-9882-6542','손민기',37.571943,127.015951,to_date('18/08/16','RR/MM/DD'),'gs');
Insert into NZS.STORE (ST_NUM,S_NUM,ST_BNUM,ST_NAME,ST_ADDRESS,ST_EMAIL,ST_HOURS,ST_CELL,ST_CEO,ST_LAT,ST_LON,ST_DATE,SI_DIVISION) values (3,3,'323-45-67890','미니스톱 동대문역점','서울특별시 종로구 종로','javauser3@naver.com','00:00-24:00','010-6153-8762','강기복',37.572557,127.012544,to_date('18/08/16','RR/MM/DD'),'mini');
Insert into NZS.STORE (ST_NUM,S_NUM,ST_BNUM,ST_NAME,ST_ADDRESS,ST_EMAIL,ST_HOURS,ST_CELL,ST_CEO,ST_LAT,ST_LON,ST_DATE,SI_DIVISION) values (5,5,'523-45-67890','CU 중구흥인점','서울특별시 중구 흥인동 다산로 265','javauser5@naver.com','06:00-22:00','010-8952-6845','건물주',37.567543,127.015865,to_date('18/08/16','RR/MM/DD'),'cu');
Insert into NZS.STORE (ST_NUM,S_NUM,ST_BNUM,ST_NAME,ST_ADDRESS,ST_EMAIL,ST_HOURS,ST_CELL,ST_CEO,ST_LAT,ST_LON,ST_DATE,SI_DIVISION) values (4,4,'423-45-67890','CU 강북삼양점','서울특별시 강북구 미아동 삼양로24길 45','javauser4@naver.com','05:00-22:00','010-6523-9873','박찬건',37.619535,127.022092,to_date('18/08/16','RR/MM/DD'),'cu');
REM INSERTING into NZS.STOREIMAGE
SET DEFINE OFF;
Insert into NZS.STOREIMAGE (SI_DIVISION,SI_IMAGE) values ('gs','gs.jpg');
Insert into NZS.STOREIMAGE (SI_DIVISION,SI_IMAGE) values ('mini','mini.jpg');
Insert into NZS.STOREIMAGE (SI_DIVISION,SI_IMAGE) values ('7','7.jpg');
Insert into NZS.STOREIMAGE (SI_DIVISION,SI_IMAGE) values ('cu','cu.jpg');
--------------------------------------------------------
--  DDL for Index BUY1DEP_PK
--------------------------------------------------------

  CREATE UNIQUE INDEX "NZS"."BUY1DEP_PK" ON "NZS"."BUY1DEP" ("B1_NUM") 
  PCTFREE 10 INITRANS 2 MAXTRANS 255 COMPUTE STATISTICS 
  STORAGE(INITIAL 65536 NEXT 1048576 MINEXTENTS 1 MAXEXTENTS 2147483645
  PCTINCREASE 0 FREELISTS 1 FREELIST GROUPS 1 BUFFER_POOL DEFAULT FLASH_CACHE DEFAULT CELL_FLASH_CACHE DEFAULT)
  TABLESPACE "NZSDATA" ;
--------------------------------------------------------
--  DDL for Index BUY2DEP_PK
--------------------------------------------------------

  CREATE UNIQUE INDEX "NZS"."BUY2DEP_PK" ON "NZS"."BUY2DEP" ("B2_NUM") 
  PCTFREE 10 INITRANS 2 MAXTRANS 255 COMPUTE STATISTICS 
  STORAGE(INITIAL 65536 NEXT 1048576 MINEXTENTS 1 MAXEXTENTS 2147483645
  PCTINCREASE 0 FREELISTS 1 FREELIST GROUPS 1 BUFFER_POOL DEFAULT FLASH_CACHE DEFAULT CELL_FLASH_CACHE DEFAULT)
  TABLESPACE "NZSDATA" ;
--------------------------------------------------------
--  DDL for Index CART1DEP_PK
--------------------------------------------------------

  CREATE UNIQUE INDEX "NZS"."CART1DEP_PK" ON "NZS"."CART1DEP" ("CART1_NUM") 
  PCTFREE 10 INITRANS 2 MAXTRANS 255 COMPUTE STATISTICS 
  STORAGE(INITIAL 65536 NEXT 1048576 MINEXTENTS 1 MAXEXTENTS 2147483645
  PCTINCREASE 0 FREELISTS 1 FREELIST GROUPS 1 BUFFER_POOL DEFAULT FLASH_CACHE DEFAULT CELL_FLASH_CACHE DEFAULT)
  TABLESPACE "NZSDATA" ;
--------------------------------------------------------
--  DDL for Index CART2DEP
--------------------------------------------------------

  CREATE UNIQUE INDEX "NZS"."CART2DEP" ON "NZS"."CART2DEP" ("CART2_NUM") 
  PCTFREE 10 INITRANS 2 MAXTRANS 255 COMPUTE STATISTICS 
  STORAGE(INITIAL 65536 NEXT 1048576 MINEXTENTS 1 MAXEXTENTS 2147483645
  PCTINCREASE 0 FREELISTS 1 FREELIST GROUPS 1 BUFFER_POOL DEFAULT FLASH_CACHE DEFAULT CELL_FLASH_CACHE DEFAULT)
  TABLESPACE "NZSDATA" ;
--------------------------------------------------------
--  DDL for Index CATEGORY1DEP_PK
--------------------------------------------------------

  CREATE UNIQUE INDEX "NZS"."CATEGORY1DEP_PK" ON "NZS"."CATEGORY1DEP" ("C1_NUM") 
  PCTFREE 10 INITRANS 2 MAXTRANS 255 COMPUTE STATISTICS 
  STORAGE(INITIAL 65536 NEXT 1048576 MINEXTENTS 1 MAXEXTENTS 2147483645
  PCTINCREASE 0 FREELISTS 1 FREELIST GROUPS 1 BUFFER_POOL DEFAULT FLASH_CACHE DEFAULT CELL_FLASH_CACHE DEFAULT)
  TABLESPACE "NZSDATA" ;
--------------------------------------------------------
--  DDL for Index CATEGORY2DEP_PK
--------------------------------------------------------

  CREATE UNIQUE INDEX "NZS"."CATEGORY2DEP_PK" ON "NZS"."CATEGORY2DEP" ("C2_NUM") 
  PCTFREE 10 INITRANS 2 MAXTRANS 255 COMPUTE STATISTICS 
  STORAGE(INITIAL 65536 NEXT 1048576 MINEXTENTS 1 MAXEXTENTS 2147483645
  PCTINCREASE 0 FREELISTS 1 FREELIST GROUPS 1 BUFFER_POOL DEFAULT FLASH_CACHE DEFAULT CELL_FLASH_CACHE DEFAULT)
  TABLESPACE "NZSDATA" ;
--------------------------------------------------------
--  DDL for Index CIN_PK
--------------------------------------------------------

  CREATE UNIQUE INDEX "NZS"."CIN_PK" ON "NZS"."CINFO" ("CIN_NUM") 
  PCTFREE 10 INITRANS 2 MAXTRANS 255 COMPUTE STATISTICS 
  STORAGE(INITIAL 65536 NEXT 1048576 MINEXTENTS 1 MAXEXTENTS 2147483645
  PCTINCREASE 0 FREELISTS 1 FREELIST GROUPS 1 BUFFER_POOL DEFAULT FLASH_CACHE DEFAULT CELL_FLASH_CACHE DEFAULT)
  TABLESPACE "NZSDATA" ;
--------------------------------------------------------
--  DDL for Index CUSTOMER_PK
--------------------------------------------------------

  CREATE UNIQUE INDEX "NZS"."CUSTOMER_PK" ON "NZS"."CUSTOMER" ("C_NUM") 
  PCTFREE 10 INITRANS 2 MAXTRANS 255 COMPUTE STATISTICS 
  STORAGE(INITIAL 65536 NEXT 1048576 MINEXTENTS 1 MAXEXTENTS 2147483645
  PCTINCREASE 0 FREELISTS 1 FREELIST GROUPS 1 BUFFER_POOL DEFAULT FLASH_CACHE DEFAULT CELL_FLASH_CACHE DEFAULT)
  TABLESPACE "NZSDATA" ;
--------------------------------------------------------
--  DDL for Index CUSTOMER_C_MAIL_UK
--------------------------------------------------------

  CREATE UNIQUE INDEX "NZS"."CUSTOMER_C_MAIL_UK" ON "NZS"."CUSTOMER" ("C_MAIL", "C_ID") 
  PCTFREE 10 INITRANS 2 MAXTRANS 255 COMPUTE STATISTICS 
  STORAGE(INITIAL 65536 NEXT 1048576 MINEXTENTS 1 MAXEXTENTS 2147483645
  PCTINCREASE 0 FREELISTS 1 FREELIST GROUPS 1 BUFFER_POOL DEFAULT FLASH_CACHE DEFAULT CELL_FLASH_CACHE DEFAULT)
  TABLESPACE "NZSDATA" ;
--------------------------------------------------------
--  DDL for Index FAVPRODUCT
--------------------------------------------------------

  CREATE UNIQUE INDEX "NZS"."FAVPRODUCT" ON "NZS"."FAVPRODUCT" ("FP_NUM") 
  PCTFREE 10 INITRANS 2 MAXTRANS 255 COMPUTE STATISTICS 
  STORAGE(INITIAL 65536 NEXT 1048576 MINEXTENTS 1 MAXEXTENTS 2147483645
  PCTINCREASE 0 FREELISTS 1 FREELIST GROUPS 1 BUFFER_POOL DEFAULT FLASH_CACHE DEFAULT CELL_FLASH_CACHE DEFAULT)
  TABLESPACE "NZSDATA" ;
--------------------------------------------------------
--  DDL for Index FAVSTORE
--------------------------------------------------------

  CREATE UNIQUE INDEX "NZS"."FAVSTORE" ON "NZS"."FAVSTORE" ("FS_NUM") 
  PCTFREE 10 INITRANS 2 MAXTRANS 255 COMPUTE STATISTICS 
  STORAGE(INITIAL 65536 NEXT 1048576 MINEXTENTS 1 MAXEXTENTS 2147483645
  PCTINCREASE 0 FREELISTS 1 FREELIST GROUPS 1 BUFFER_POOL DEFAULT FLASH_CACHE DEFAULT CELL_FLASH_CACHE DEFAULT)
  TABLESPACE "NZSDATA" ;
--------------------------------------------------------
--  DDL for Index FEES_PK
--------------------------------------------------------

  CREATE UNIQUE INDEX "NZS"."FEES_PK" ON "NZS"."FEES" ("F_NUM") 
  PCTFREE 10 INITRANS 2 MAXTRANS 255 COMPUTE STATISTICS 
  STORAGE(INITIAL 65536 NEXT 1048576 MINEXTENTS 1 MAXEXTENTS 2147483645
  PCTINCREASE 0 FREELISTS 1 FREELIST GROUPS 1 BUFFER_POOL DEFAULT FLASH_CACHE DEFAULT CELL_FLASH_CACHE DEFAULT)
  TABLESPACE "NZSDATA" ;
--------------------------------------------------------
--  DDL for Index LC_NUM
--------------------------------------------------------

  CREATE UNIQUE INDEX "NZS"."LC_NUM" ON "NZS"."LOGINCHECK" ("LC_NUM") 
  PCTFREE 10 INITRANS 2 MAXTRANS 255 COMPUTE STATISTICS 
  STORAGE(INITIAL 65536 NEXT 1048576 MINEXTENTS 1 MAXEXTENTS 2147483645
  PCTINCREASE 0 FREELISTS 1 FREELIST GROUPS 1 BUFFER_POOL DEFAULT FLASH_CACHE DEFAULT CELL_FLASH_CACHE DEFAULT)
  TABLESPACE "NZSDATA" ;
--------------------------------------------------------
--  DDL for Index PREVIEW_PK
--------------------------------------------------------

  CREATE UNIQUE INDEX "NZS"."PREVIEW_PK" ON "NZS"."PREVIEW" ("PRV_NUM") 
  PCTFREE 10 INITRANS 2 MAXTRANS 255 COMPUTE STATISTICS 
  STORAGE(INITIAL 65536 NEXT 1048576 MINEXTENTS 1 MAXEXTENTS 2147483645
  PCTINCREASE 0 FREELISTS 1 FREELIST GROUPS 1 BUFFER_POOL DEFAULT FLASH_CACHE DEFAULT CELL_FLASH_CACHE DEFAULT)
  TABLESPACE "NZSDATA" ;
--------------------------------------------------------
--  DDL for Index PROCINFO_PK
--------------------------------------------------------

  CREATE UNIQUE INDEX "NZS"."PROCINFO_PK" ON "NZS"."PROCINFO" ("PROCIN_NUM") 
  PCTFREE 10 INITRANS 2 MAXTRANS 255 COMPUTE STATISTICS 
  STORAGE(INITIAL 65536 NEXT 1048576 MINEXTENTS 1 MAXEXTENTS 2147483645
  PCTINCREASE 0 FREELISTS 1 FREELIST GROUPS 1 BUFFER_POOL DEFAULT FLASH_CACHE DEFAULT CELL_FLASH_CACHE DEFAULT)
  TABLESPACE "NZSDATA" ;
--------------------------------------------------------
--  DDL for Index PRODUCT_PK
--------------------------------------------------------

  CREATE UNIQUE INDEX "NZS"."PRODUCT_PK" ON "NZS"."PRODUCT" ("P_NUM") 
  PCTFREE 10 INITRANS 2 MAXTRANS 255 COMPUTE STATISTICS 
  STORAGE(INITIAL 65536 NEXT 1048576 MINEXTENTS 1 MAXEXTENTS 2147483645
  PCTINCREASE 0 FREELISTS 1 FREELIST GROUPS 1 BUFFER_POOL DEFAULT FLASH_CACHE DEFAULT CELL_FLASH_CACHE DEFAULT)
  TABLESPACE "NZSDATA" ;
--------------------------------------------------------
--  DDL for Index PRODUCTSELL_PK
--------------------------------------------------------

  CREATE UNIQUE INDEX "NZS"."PRODUCTSELL_PK" ON "NZS"."PRODUCTSELL" ("PS_NUM") 
  PCTFREE 10 INITRANS 2 MAXTRANS 255 COMPUTE STATISTICS 
  STORAGE(INITIAL 65536 NEXT 1048576 MINEXTENTS 1 MAXEXTENTS 2147483645
  PCTINCREASE 0 FREELISTS 1 FREELIST GROUPS 1 BUFFER_POOL DEFAULT FLASH_CACHE DEFAULT CELL_FLASH_CACHE DEFAULT)
  TABLESPACE "NZSDATA" ;
--------------------------------------------------------
--  DDL for Index PROIMAGE_PK
--------------------------------------------------------

  CREATE UNIQUE INDEX "NZS"."PROIMAGE_PK" ON "NZS"."PROIMAGE" ("PI_NUM") 
  PCTFREE 10 INITRANS 2 MAXTRANS 255 COMPUTE STATISTICS 
  STORAGE(INITIAL 65536 NEXT 1048576 MINEXTENTS 1 MAXEXTENTS 2147483645
  PCTINCREASE 0 FREELISTS 1 FREELIST GROUPS 1 BUFFER_POOL DEFAULT FLASH_CACHE DEFAULT CELL_FLASH_CACHE DEFAULT)
  TABLESPACE "NZSDATA" ;
--------------------------------------------------------
--  DDL for Index PROSINFO_PK
--------------------------------------------------------

  CREATE UNIQUE INDEX "NZS"."PROSINFO_PK" ON "NZS"."PROSINFO" ("PROSIN_NUM") 
  PCTFREE 10 INITRANS 2 MAXTRANS 255 COMPUTE STATISTICS 
  STORAGE(INITIAL 65536 NEXT 1048576 MINEXTENTS 1 MAXEXTENTS 2147483645
  PCTINCREASE 0 FREELISTS 1 FREELIST GROUPS 1 BUFFER_POOL DEFAULT FLASH_CACHE DEFAULT CELL_FLASH_CACHE DEFAULT)
  TABLESPACE "NZSDATA" ;
--------------------------------------------------------
--  DDL for Index QNA_PK
--------------------------------------------------------

  CREATE UNIQUE INDEX "NZS"."QNA_PK" ON "NZS"."QNA" ("QNA_NUM") 
  PCTFREE 10 INITRANS 2 MAXTRANS 255 COMPUTE STATISTICS 
  STORAGE(INITIAL 65536 NEXT 1048576 MINEXTENTS 1 MAXEXTENTS 2147483645
  PCTINCREASE 0 FREELISTS 1 FREELIST GROUPS 1 BUFFER_POOL DEFAULT FLASH_CACHE DEFAULT CELL_FLASH_CACHE DEFAULT)
  TABLESPACE "NZSDATA" ;
--------------------------------------------------------
--  DDL for Index QNAREPLY_PK
--------------------------------------------------------

  CREATE UNIQUE INDEX "NZS"."QNAREPLY_PK" ON "NZS"."QNAREPLY" ("QR_NUM") 
  PCTFREE 10 INITRANS 2 MAXTRANS 255 COMPUTE STATISTICS 
  STORAGE(INITIAL 65536 NEXT 1048576 MINEXTENTS 1 MAXEXTENTS 2147483645
  PCTINCREASE 0 FREELISTS 1 FREELIST GROUPS 1 BUFFER_POOL DEFAULT FLASH_CACHE DEFAULT CELL_FLASH_CACHE DEFAULT)
  TABLESPACE "NZSDATA" ;
--------------------------------------------------------
--  DDL for Index SELLER_PK
--------------------------------------------------------

  CREATE UNIQUE INDEX "NZS"."SELLER_PK" ON "NZS"."SELLER" ("S_NUM") 
  PCTFREE 10 INITRANS 2 MAXTRANS 255 COMPUTE STATISTICS 
  STORAGE(INITIAL 65536 NEXT 1048576 MINEXTENTS 1 MAXEXTENTS 2147483645
  PCTINCREASE 0 FREELISTS 1 FREELIST GROUPS 1 BUFFER_POOL DEFAULT FLASH_CACHE DEFAULT CELL_FLASH_CACHE DEFAULT)
  TABLESPACE "NZSDATA" ;
--------------------------------------------------------
--  DDL for Index SELLER_S_ID_UK
--------------------------------------------------------

  CREATE UNIQUE INDEX "NZS"."SELLER_S_ID_UK" ON "NZS"."SELLER" ("S_ID") 
  PCTFREE 10 INITRANS 2 MAXTRANS 255 COMPUTE STATISTICS 
  STORAGE(INITIAL 65536 NEXT 1048576 MINEXTENTS 1 MAXEXTENTS 2147483645
  PCTINCREASE 0 FREELISTS 1 FREELIST GROUPS 1 BUFFER_POOL DEFAULT FLASH_CACHE DEFAULT CELL_FLASH_CACHE DEFAULT)
  TABLESPACE "NZSDATA" ;
--------------------------------------------------------
--  DDL for Index SINFO_PK
--------------------------------------------------------

  CREATE UNIQUE INDEX "NZS"."SINFO_PK" ON "NZS"."SINFO" ("SIN_NUM") 
  PCTFREE 10 INITRANS 2 MAXTRANS 255 COMPUTE STATISTICS 
  STORAGE(INITIAL 65536 NEXT 1048576 MINEXTENTS 1 MAXEXTENTS 2147483645
  PCTINCREASE 0 FREELISTS 1 FREELIST GROUPS 1 BUFFER_POOL DEFAULT FLASH_CACHE DEFAULT CELL_FLASH_CACHE DEFAULT)
  TABLESPACE "NZSDATA" ;
--------------------------------------------------------
--  DDL for Index SREVIEW_PK
--------------------------------------------------------

  CREATE UNIQUE INDEX "NZS"."SREVIEW_PK" ON "NZS"."SREVIEW" ("SRV_NUM") 
  PCTFREE 10 INITRANS 2 MAXTRANS 255 COMPUTE STATISTICS 
  STORAGE(INITIAL 65536 NEXT 1048576 MINEXTENTS 1 MAXEXTENTS 2147483645
  PCTINCREASE 0 FREELISTS 1 FREELIST GROUPS 1 BUFFER_POOL DEFAULT FLASH_CACHE DEFAULT CELL_FLASH_CACHE DEFAULT)
  TABLESPACE "NZSDATA" ;
--------------------------------------------------------
--  DDL for Index STORE_PK
--------------------------------------------------------

  CREATE UNIQUE INDEX "NZS"."STORE_PK" ON "NZS"."STORE" ("ST_NUM") 
  PCTFREE 10 INITRANS 2 MAXTRANS 255 COMPUTE STATISTICS 
  STORAGE(INITIAL 65536 NEXT 1048576 MINEXTENTS 1 MAXEXTENTS 2147483645
  PCTINCREASE 0 FREELISTS 1 FREELIST GROUPS 1 BUFFER_POOL DEFAULT FLASH_CACHE DEFAULT CELL_FLASH_CACHE DEFAULT)
  TABLESPACE "NZSDATA" ;
--------------------------------------------------------
--  DDL for Index STORE_ST_BNUM_UK
--------------------------------------------------------

  CREATE UNIQUE INDEX "NZS"."STORE_ST_BNUM_UK" ON "NZS"."STORE" ("ST_BNUM", "ST_NAME") 
  PCTFREE 10 INITRANS 2 MAXTRANS 255 COMPUTE STATISTICS 
  STORAGE(INITIAL 65536 NEXT 1048576 MINEXTENTS 1 MAXEXTENTS 2147483645
  PCTINCREASE 0 FREELISTS 1 FREELIST GROUPS 1 BUFFER_POOL DEFAULT FLASH_CACHE DEFAULT CELL_FLASH_CACHE DEFAULT)
  TABLESPACE "NZSDATA" ;
--------------------------------------------------------
--  DDL for Index STOREIMAGE
--------------------------------------------------------

  CREATE UNIQUE INDEX "NZS"."STOREIMAGE" ON "NZS"."STOREIMAGE" ("SI_DIVISION") 
  PCTFREE 10 INITRANS 2 MAXTRANS 255 COMPUTE STATISTICS 
  STORAGE(INITIAL 65536 NEXT 1048576 MINEXTENTS 1 MAXEXTENTS 2147483645
  PCTINCREASE 0 FREELISTS 1 FREELIST GROUPS 1 BUFFER_POOL DEFAULT FLASH_CACHE DEFAULT CELL_FLASH_CACHE DEFAULT)
  TABLESPACE "NZSDATA" ;
--------------------------------------------------------
--  Constraints for Table BUY1DEP
--------------------------------------------------------

  ALTER TABLE "NZS"."BUY1DEP" ADD CONSTRAINT "BUY1DEP_PK" PRIMARY KEY ("B1_NUM")
  USING INDEX PCTFREE 10 INITRANS 2 MAXTRANS 255 COMPUTE STATISTICS 
  STORAGE(INITIAL 65536 NEXT 1048576 MINEXTENTS 1 MAXEXTENTS 2147483645
  PCTINCREASE 0 FREELISTS 1 FREELIST GROUPS 1 BUFFER_POOL DEFAULT FLASH_CACHE DEFAULT CELL_FLASH_CACHE DEFAULT)
  TABLESPACE "NZSDATA"  ENABLE;
 
  ALTER TABLE "NZS"."BUY1DEP" MODIFY ("B1_NUM" NOT NULL ENABLE);
 
  ALTER TABLE "NZS"."BUY1DEP" MODIFY ("C_NUM" NOT NULL ENABLE);
--------------------------------------------------------
--  Constraints for Table BUY2DEP
--------------------------------------------------------

  ALTER TABLE "NZS"."BUY2DEP" ADD CONSTRAINT "BUY2DEP_PK" PRIMARY KEY ("B2_NUM")
  USING INDEX PCTFREE 10 INITRANS 2 MAXTRANS 255 COMPUTE STATISTICS 
  STORAGE(INITIAL 65536 NEXT 1048576 MINEXTENTS 1 MAXEXTENTS 2147483645
  PCTINCREASE 0 FREELISTS 1 FREELIST GROUPS 1 BUFFER_POOL DEFAULT FLASH_CACHE DEFAULT CELL_FLASH_CACHE DEFAULT)
  TABLESPACE "NZSDATA"  ENABLE;
 
  ALTER TABLE "NZS"."BUY2DEP" MODIFY ("B2_NUM" NOT NULL ENABLE);
 
  ALTER TABLE "NZS"."BUY2DEP" MODIFY ("B1_NUM" NOT NULL ENABLE);
 
  ALTER TABLE "NZS"."BUY2DEP" MODIFY ("PS_NUM" NOT NULL ENABLE);
 
  ALTER TABLE "NZS"."BUY2DEP" MODIFY ("B_COUNT" NOT NULL ENABLE);
 
  ALTER TABLE "NZS"."BUY2DEP" MODIFY ("B_CONFIRM" NOT NULL ENABLE);
--------------------------------------------------------
--  Constraints for Table CART1DEP
--------------------------------------------------------

  ALTER TABLE "NZS"."CART1DEP" ADD CONSTRAINT "CART1DEP_PK" PRIMARY KEY ("CART1_NUM")
  USING INDEX PCTFREE 10 INITRANS 2 MAXTRANS 255 COMPUTE STATISTICS 
  STORAGE(INITIAL 65536 NEXT 1048576 MINEXTENTS 1 MAXEXTENTS 2147483645
  PCTINCREASE 0 FREELISTS 1 FREELIST GROUPS 1 BUFFER_POOL DEFAULT FLASH_CACHE DEFAULT CELL_FLASH_CACHE DEFAULT)
  TABLESPACE "NZSDATA"  ENABLE;
 
  ALTER TABLE "NZS"."CART1DEP" MODIFY ("CART1_NUM" NOT NULL ENABLE);
 
  ALTER TABLE "NZS"."CART1DEP" MODIFY ("C_NUM" NOT NULL ENABLE);
--------------------------------------------------------
--  Constraints for Table CART2DEP
--------------------------------------------------------

  ALTER TABLE "NZS"."CART2DEP" ADD CONSTRAINT "CART2DEP" PRIMARY KEY ("CART2_NUM")
  USING INDEX PCTFREE 10 INITRANS 2 MAXTRANS 255 COMPUTE STATISTICS 
  STORAGE(INITIAL 65536 NEXT 1048576 MINEXTENTS 1 MAXEXTENTS 2147483645
  PCTINCREASE 0 FREELISTS 1 FREELIST GROUPS 1 BUFFER_POOL DEFAULT FLASH_CACHE DEFAULT CELL_FLASH_CACHE DEFAULT)
  TABLESPACE "NZSDATA"  ENABLE;
 
  ALTER TABLE "NZS"."CART2DEP" MODIFY ("CART2_NUM" NOT NULL ENABLE);
 
  ALTER TABLE "NZS"."CART2DEP" MODIFY ("CART1_NUM" NOT NULL ENABLE);
 
  ALTER TABLE "NZS"."CART2DEP" MODIFY ("PS_NUM" NOT NULL ENABLE);
 
  ALTER TABLE "NZS"."CART2DEP" MODIFY ("CART2_COUNT" NOT NULL ENABLE);
--------------------------------------------------------
--  Constraints for Table CATEGORY1DEP
--------------------------------------------------------

  ALTER TABLE "NZS"."CATEGORY1DEP" ADD CONSTRAINT "CATEGORY1DEP_PK" PRIMARY KEY ("C1_NUM")
  USING INDEX PCTFREE 10 INITRANS 2 MAXTRANS 255 COMPUTE STATISTICS 
  STORAGE(INITIAL 65536 NEXT 1048576 MINEXTENTS 1 MAXEXTENTS 2147483645
  PCTINCREASE 0 FREELISTS 1 FREELIST GROUPS 1 BUFFER_POOL DEFAULT FLASH_CACHE DEFAULT CELL_FLASH_CACHE DEFAULT)
  TABLESPACE "NZSDATA"  ENABLE;
 
  ALTER TABLE "NZS"."CATEGORY1DEP" MODIFY ("C1_NUM" NOT NULL ENABLE);
 
  ALTER TABLE "NZS"."CATEGORY1DEP" MODIFY ("C1_NAME" NOT NULL ENABLE);
--------------------------------------------------------
--  Constraints for Table CATEGORY2DEP
--------------------------------------------------------

  ALTER TABLE "NZS"."CATEGORY2DEP" ADD CONSTRAINT "CATEGORY2DEP_PK" PRIMARY KEY ("C2_NUM")
  USING INDEX PCTFREE 10 INITRANS 2 MAXTRANS 255 COMPUTE STATISTICS 
  STORAGE(INITIAL 65536 NEXT 1048576 MINEXTENTS 1 MAXEXTENTS 2147483645
  PCTINCREASE 0 FREELISTS 1 FREELIST GROUPS 1 BUFFER_POOL DEFAULT FLASH_CACHE DEFAULT CELL_FLASH_CACHE DEFAULT)
  TABLESPACE "NZSDATA"  ENABLE;
 
  ALTER TABLE "NZS"."CATEGORY2DEP" MODIFY ("C2_NUM" NOT NULL ENABLE);
 
  ALTER TABLE "NZS"."CATEGORY2DEP" MODIFY ("C2_NAME" NOT NULL ENABLE);
 
  ALTER TABLE "NZS"."CATEGORY2DEP" MODIFY ("C1_NUM" NOT NULL ENABLE);
--------------------------------------------------------
--  Constraints for Table CINFO
--------------------------------------------------------

  ALTER TABLE "NZS"."CINFO" ADD CONSTRAINT "CIN_PK" PRIMARY KEY ("CIN_NUM")
  USING INDEX PCTFREE 10 INITRANS 2 MAXTRANS 255 COMPUTE STATISTICS 
  STORAGE(INITIAL 65536 NEXT 1048576 MINEXTENTS 1 MAXEXTENTS 2147483645
  PCTINCREASE 0 FREELISTS 1 FREELIST GROUPS 1 BUFFER_POOL DEFAULT FLASH_CACHE DEFAULT CELL_FLASH_CACHE DEFAULT)
  TABLESPACE "NZSDATA"  ENABLE;
 
  ALTER TABLE "NZS"."CINFO" MODIFY ("CIN_NUM" NOT NULL ENABLE);
 
  ALTER TABLE "NZS"."CINFO" MODIFY ("C_NUM" NOT NULL ENABLE);
 
  ALTER TABLE "NZS"."CINFO" MODIFY ("CIN_SMS" NOT NULL ENABLE);
 
  ALTER TABLE "NZS"."CINFO" MODIFY ("CIN_EMAIL" NOT NULL ENABLE);
 
  ALTER TABLE "NZS"."CINFO" MODIFY ("CIN_PROV1" NOT NULL ENABLE);
 
  ALTER TABLE "NZS"."CINFO" MODIFY ("CIN_PROV2" NOT NULL ENABLE);
 
  ALTER TABLE "NZS"."CINFO" MODIFY ("CIN_PROV3" NOT NULL ENABLE);
 
  ALTER TABLE "NZS"."CINFO" MODIFY ("CIN_PROV4" NOT NULL ENABLE);
 
  ALTER TABLE "NZS"."CINFO" MODIFY ("CIN_PROV5" NOT NULL ENABLE);
 
  ALTER TABLE "NZS"."CINFO" MODIFY ("PROCIN_NUM" NOT NULL ENABLE);
--------------------------------------------------------
--  Constraints for Table CUSTOMER
--------------------------------------------------------

  ALTER TABLE "NZS"."CUSTOMER" ADD CONSTRAINT "CUSTOMER_C_MAIL_UK" UNIQUE ("C_MAIL", "C_ID")
  USING INDEX PCTFREE 10 INITRANS 2 MAXTRANS 255 COMPUTE STATISTICS 
  STORAGE(INITIAL 65536 NEXT 1048576 MINEXTENTS 1 MAXEXTENTS 2147483645
  PCTINCREASE 0 FREELISTS 1 FREELIST GROUPS 1 BUFFER_POOL DEFAULT FLASH_CACHE DEFAULT CELL_FLASH_CACHE DEFAULT)
  TABLESPACE "NZSDATA"  ENABLE;
 
  ALTER TABLE "NZS"."CUSTOMER" ADD CONSTRAINT "CUSTOMER_PK" PRIMARY KEY ("C_NUM")
  USING INDEX PCTFREE 10 INITRANS 2 MAXTRANS 255 COMPUTE STATISTICS 
  STORAGE(INITIAL 65536 NEXT 1048576 MINEXTENTS 1 MAXEXTENTS 2147483645
  PCTINCREASE 0 FREELISTS 1 FREELIST GROUPS 1 BUFFER_POOL DEFAULT FLASH_CACHE DEFAULT CELL_FLASH_CACHE DEFAULT)
  TABLESPACE "NZSDATA"  ENABLE;
 
  ALTER TABLE "NZS"."CUSTOMER" MODIFY ("C_NUM" NOT NULL ENABLE);
 
  ALTER TABLE "NZS"."CUSTOMER" MODIFY ("CS_DIVISION" NOT NULL ENABLE);
 
  ALTER TABLE "NZS"."CUSTOMER" MODIFY ("C_ID" NOT NULL ENABLE);
 
  ALTER TABLE "NZS"."CUSTOMER" MODIFY ("C_PWD" NOT NULL ENABLE);
 
  ALTER TABLE "NZS"."CUSTOMER" MODIFY ("C_NAME" NOT NULL ENABLE);
 
  ALTER TABLE "NZS"."CUSTOMER" MODIFY ("C_GENDER" NOT NULL ENABLE);
 
  ALTER TABLE "NZS"."CUSTOMER" MODIFY ("C_BIRTHDAY" NOT NULL ENABLE);
 
  ALTER TABLE "NZS"."CUSTOMER" MODIFY ("C_ADDRESS" NOT NULL ENABLE);
 
  ALTER TABLE "NZS"."CUSTOMER" MODIFY ("C_MAIL" NOT NULL ENABLE);
 
  ALTER TABLE "NZS"."CUSTOMER" MODIFY ("C_CELL" NOT NULL ENABLE);
--------------------------------------------------------
--  Constraints for Table FAVPRODUCT
--------------------------------------------------------

  ALTER TABLE "NZS"."FAVPRODUCT" ADD CONSTRAINT "FAVPRODUCT" PRIMARY KEY ("FP_NUM")
  USING INDEX PCTFREE 10 INITRANS 2 MAXTRANS 255 COMPUTE STATISTICS 
  STORAGE(INITIAL 65536 NEXT 1048576 MINEXTENTS 1 MAXEXTENTS 2147483645
  PCTINCREASE 0 FREELISTS 1 FREELIST GROUPS 1 BUFFER_POOL DEFAULT FLASH_CACHE DEFAULT CELL_FLASH_CACHE DEFAULT)
  TABLESPACE "NZSDATA"  ENABLE;
 
  ALTER TABLE "NZS"."FAVPRODUCT" MODIFY ("FP_NUM" NOT NULL ENABLE);
 
  ALTER TABLE "NZS"."FAVPRODUCT" MODIFY ("C_NUM" NOT NULL ENABLE);
 
  ALTER TABLE "NZS"."FAVPRODUCT" MODIFY ("P_NUM" NOT NULL ENABLE);
--------------------------------------------------------
--  Constraints for Table FAVSTORE
--------------------------------------------------------

  ALTER TABLE "NZS"."FAVSTORE" ADD CONSTRAINT "FAVSTORE" PRIMARY KEY ("FS_NUM")
  USING INDEX PCTFREE 10 INITRANS 2 MAXTRANS 255 COMPUTE STATISTICS 
  STORAGE(INITIAL 65536 NEXT 1048576 MINEXTENTS 1 MAXEXTENTS 2147483645
  PCTINCREASE 0 FREELISTS 1 FREELIST GROUPS 1 BUFFER_POOL DEFAULT FLASH_CACHE DEFAULT CELL_FLASH_CACHE DEFAULT)
  TABLESPACE "NZSDATA"  ENABLE;
 
  ALTER TABLE "NZS"."FAVSTORE" MODIFY ("FS_NUM" NOT NULL ENABLE);
 
  ALTER TABLE "NZS"."FAVSTORE" MODIFY ("C_NUM" NOT NULL ENABLE);
 
  ALTER TABLE "NZS"."FAVSTORE" MODIFY ("ST_NUM" NOT NULL ENABLE);
--------------------------------------------------------
--  Constraints for Table FEES
--------------------------------------------------------

  ALTER TABLE "NZS"."FEES" ADD CONSTRAINT "FEES_PK" PRIMARY KEY ("F_NUM")
  USING INDEX PCTFREE 10 INITRANS 2 MAXTRANS 255 COMPUTE STATISTICS 
  STORAGE(INITIAL 65536 NEXT 1048576 MINEXTENTS 1 MAXEXTENTS 2147483645
  PCTINCREASE 0 FREELISTS 1 FREELIST GROUPS 1 BUFFER_POOL DEFAULT FLASH_CACHE DEFAULT CELL_FLASH_CACHE DEFAULT)
  TABLESPACE "NZSDATA"  ENABLE;
 
  ALTER TABLE "NZS"."FEES" MODIFY ("F_NUM" NOT NULL ENABLE);
 
  ALTER TABLE "NZS"."FEES" MODIFY ("S_NUM" NOT NULL ENABLE);
 
  ALTER TABLE "NZS"."FEES" MODIFY ("F_SETDATE" NOT NULL ENABLE);
--------------------------------------------------------
--  Constraints for Table LOGINCHECK
--------------------------------------------------------

  ALTER TABLE "NZS"."LOGINCHECK" ADD CONSTRAINT "LC_NUM" PRIMARY KEY ("LC_NUM")
  USING INDEX PCTFREE 10 INITRANS 2 MAXTRANS 255 COMPUTE STATISTICS 
  STORAGE(INITIAL 65536 NEXT 1048576 MINEXTENTS 1 MAXEXTENTS 2147483645
  PCTINCREASE 0 FREELISTS 1 FREELIST GROUPS 1 BUFFER_POOL DEFAULT FLASH_CACHE DEFAULT CELL_FLASH_CACHE DEFAULT)
  TABLESPACE "NZSDATA"  ENABLE;
 
  ALTER TABLE "NZS"."LOGINCHECK" MODIFY ("LC_NUM" NOT NULL ENABLE);
 
  ALTER TABLE "NZS"."LOGINCHECK" MODIFY ("LC_SUCCESS" NOT NULL ENABLE);
 
  ALTER TABLE "NZS"."LOGINCHECK" MODIFY ("LC_CHECK" NOT NULL ENABLE);
 
  ALTER TABLE "NZS"."LOGINCHECK" MODIFY ("LC_IP" NOT NULL ENABLE);
--------------------------------------------------------
--  Constraints for Table PREVIEW
--------------------------------------------------------

  ALTER TABLE "NZS"."PREVIEW" ADD CONSTRAINT "PREVIEW_PK" PRIMARY KEY ("PRV_NUM")
  USING INDEX PCTFREE 10 INITRANS 2 MAXTRANS 255 COMPUTE STATISTICS 
  STORAGE(INITIAL 65536 NEXT 1048576 MINEXTENTS 1 MAXEXTENTS 2147483645
  PCTINCREASE 0 FREELISTS 1 FREELIST GROUPS 1 BUFFER_POOL DEFAULT FLASH_CACHE DEFAULT CELL_FLASH_CACHE DEFAULT)
  TABLESPACE "NZSDATA"  ENABLE;
 
  ALTER TABLE "NZS"."PREVIEW" MODIFY ("PRV_NUM" NOT NULL ENABLE);
 
  ALTER TABLE "NZS"."PREVIEW" MODIFY ("C_NUM" NOT NULL ENABLE);
 
  ALTER TABLE "NZS"."PREVIEW" MODIFY ("P_NUM" NOT NULL ENABLE);
 
  ALTER TABLE "NZS"."PREVIEW" MODIFY ("PRV_CONTENT" NOT NULL ENABLE);
 
  ALTER TABLE "NZS"."PREVIEW" MODIFY ("PRV_SCOPE" NOT NULL ENABLE);
--------------------------------------------------------
--  Constraints for Table PROCINFO
--------------------------------------------------------

  ALTER TABLE "NZS"."PROCINFO" ADD CONSTRAINT "PROCINFO_PK" PRIMARY KEY ("PROCIN_NUM")
  USING INDEX PCTFREE 10 INITRANS 2 MAXTRANS 255 COMPUTE STATISTICS 
  STORAGE(INITIAL 65536 NEXT 1048576 MINEXTENTS 1 MAXEXTENTS 2147483645
  PCTINCREASE 0 FREELISTS 1 FREELIST GROUPS 1 BUFFER_POOL DEFAULT FLASH_CACHE DEFAULT CELL_FLASH_CACHE DEFAULT)
  TABLESPACE "NZSDATA"  ENABLE;
 
  ALTER TABLE "NZS"."PROCINFO" MODIFY ("PROCIN_NUM" NOT NULL ENABLE);
--------------------------------------------------------
--  Constraints for Table PRODUCT
--------------------------------------------------------

  ALTER TABLE "NZS"."PRODUCT" ADD CONSTRAINT "PRODUCT_PK" PRIMARY KEY ("P_NUM")
  USING INDEX PCTFREE 10 INITRANS 2 MAXTRANS 255 COMPUTE STATISTICS 
  STORAGE(INITIAL 65536 NEXT 1048576 MINEXTENTS 1 MAXEXTENTS 2147483645
  PCTINCREASE 0 FREELISTS 1 FREELIST GROUPS 1 BUFFER_POOL DEFAULT FLASH_CACHE DEFAULT CELL_FLASH_CACHE DEFAULT)
  TABLESPACE "NZSDATA"  ENABLE;
 
  ALTER TABLE "NZS"."PRODUCT" MODIFY ("P_NUM" NOT NULL ENABLE);
 
  ALTER TABLE "NZS"."PRODUCT" MODIFY ("C2_NUM" NOT NULL ENABLE);
 
  ALTER TABLE "NZS"."PRODUCT" MODIFY ("P_NAME" NOT NULL ENABLE);
 
  ALTER TABLE "NZS"."PRODUCT" MODIFY ("P_PRICE" NOT NULL ENABLE);
 
  ALTER TABLE "NZS"."PRODUCT" MODIFY ("P_CONTENT" NOT NULL ENABLE);
 
  ALTER TABLE "NZS"."PRODUCT" MODIFY ("P_DIVISION" NOT NULL ENABLE);
 
  ALTER TABLE "NZS"."PRODUCT" MODIFY ("PI_NUM" NOT NULL ENABLE);
--------------------------------------------------------
--  Constraints for Table PRODUCTSELL
--------------------------------------------------------

  ALTER TABLE "NZS"."PRODUCTSELL" ADD CONSTRAINT "PRODUCTSELL_PK" PRIMARY KEY ("PS_NUM")
  USING INDEX PCTFREE 10 INITRANS 2 MAXTRANS 255 COMPUTE STATISTICS 
  STORAGE(INITIAL 65536 NEXT 1048576 MINEXTENTS 1 MAXEXTENTS 2147483645
  PCTINCREASE 0 FREELISTS 1 FREELIST GROUPS 1 BUFFER_POOL DEFAULT FLASH_CACHE DEFAULT CELL_FLASH_CACHE DEFAULT)
  TABLESPACE "NZSDATA"  ENABLE;
 
  ALTER TABLE "NZS"."PRODUCTSELL" MODIFY ("PS_NUM" NOT NULL ENABLE);
 
  ALTER TABLE "NZS"."PRODUCTSELL" MODIFY ("P_NUM" NOT NULL ENABLE);
 
  ALTER TABLE "NZS"."PRODUCTSELL" MODIFY ("PS_EXPIRATION" NOT NULL ENABLE);
 
  ALTER TABLE "NZS"."PRODUCTSELL" MODIFY ("PS_COUNT" NOT NULL ENABLE);
 
  ALTER TABLE "NZS"."PRODUCTSELL" MODIFY ("PS_PRICE" NOT NULL ENABLE);
 
  ALTER TABLE "NZS"."PRODUCTSELL" MODIFY ("S_NUM" NOT NULL ENABLE);
 
  ALTER TABLE "NZS"."PRODUCTSELL" MODIFY ("PS_STATE" NOT NULL ENABLE);
--------------------------------------------------------
--  Constraints for Table PROIMAGE
--------------------------------------------------------

  ALTER TABLE "NZS"."PROIMAGE" ADD CONSTRAINT "PROIMAGE_PK" PRIMARY KEY ("PI_NUM")
  USING INDEX PCTFREE 10 INITRANS 2 MAXTRANS 255 COMPUTE STATISTICS 
  STORAGE(INITIAL 65536 NEXT 1048576 MINEXTENTS 1 MAXEXTENTS 2147483645
  PCTINCREASE 0 FREELISTS 1 FREELIST GROUPS 1 BUFFER_POOL DEFAULT FLASH_CACHE DEFAULT CELL_FLASH_CACHE DEFAULT)
  TABLESPACE "NZSDATA"  ENABLE;
 
  ALTER TABLE "NZS"."PROIMAGE" MODIFY ("PI_NUM" NOT NULL ENABLE);
 
  ALTER TABLE "NZS"."PROIMAGE" MODIFY ("PI_IMAGE" NOT NULL ENABLE);
--------------------------------------------------------
--  Constraints for Table PROSINFO
--------------------------------------------------------

  ALTER TABLE "NZS"."PROSINFO" ADD CONSTRAINT "PROSINFO_PK" PRIMARY KEY ("PROSIN_NUM")
  USING INDEX PCTFREE 10 INITRANS 2 MAXTRANS 255 COMPUTE STATISTICS 
  STORAGE(INITIAL 65536 NEXT 1048576 MINEXTENTS 1 MAXEXTENTS 2147483645
  PCTINCREASE 0 FREELISTS 1 FREELIST GROUPS 1 BUFFER_POOL DEFAULT FLASH_CACHE DEFAULT CELL_FLASH_CACHE DEFAULT)
  TABLESPACE "NZSDATA"  ENABLE;
 
  ALTER TABLE "NZS"."PROSINFO" MODIFY ("PROSIN_NUM" NOT NULL ENABLE);
--------------------------------------------------------
--  Constraints for Table QNA
--------------------------------------------------------

  ALTER TABLE "NZS"."QNA" ADD CONSTRAINT "QNA_PK" PRIMARY KEY ("QNA_NUM")
  USING INDEX PCTFREE 10 INITRANS 2 MAXTRANS 255 COMPUTE STATISTICS 
  STORAGE(INITIAL 65536 NEXT 1048576 MINEXTENTS 1 MAXEXTENTS 2147483645
  PCTINCREASE 0 FREELISTS 1 FREELIST GROUPS 1 BUFFER_POOL DEFAULT FLASH_CACHE DEFAULT CELL_FLASH_CACHE DEFAULT)
  TABLESPACE "NZSDATA"  ENABLE;
 
  ALTER TABLE "NZS"."QNA" MODIFY ("QNA_NUM" NOT NULL ENABLE);
 
  ALTER TABLE "NZS"."QNA" MODIFY ("QNA_TITLE" NOT NULL ENABLE);
 
  ALTER TABLE "NZS"."QNA" MODIFY ("QNA_CONTENT" NOT NULL ENABLE);
 
  ALTER TABLE "NZS"."QNA" MODIFY ("C_NUM" NOT NULL ENABLE);
--------------------------------------------------------
--  Constraints for Table QNAREPLY
--------------------------------------------------------

  ALTER TABLE "NZS"."QNAREPLY" ADD CONSTRAINT "QNAREPLY_PK" PRIMARY KEY ("QR_NUM")
  USING INDEX PCTFREE 10 INITRANS 2 MAXTRANS 255 COMPUTE STATISTICS 
  STORAGE(INITIAL 65536 NEXT 1048576 MINEXTENTS 1 MAXEXTENTS 2147483645
  PCTINCREASE 0 FREELISTS 1 FREELIST GROUPS 1 BUFFER_POOL DEFAULT FLASH_CACHE DEFAULT CELL_FLASH_CACHE DEFAULT)
  TABLESPACE "NZSDATA"  ENABLE;
 
  ALTER TABLE "NZS"."QNAREPLY" MODIFY ("QR_NUM" NOT NULL ENABLE);
 
  ALTER TABLE "NZS"."QNAREPLY" MODIFY ("QNA_NUM" NOT NULL ENABLE);
 
  ALTER TABLE "NZS"."QNAREPLY" MODIFY ("QR_CONTENT" NOT NULL ENABLE);
--------------------------------------------------------
--  Constraints for Table SELLER
--------------------------------------------------------

  ALTER TABLE "NZS"."SELLER" ADD CONSTRAINT "SELLER_PK" PRIMARY KEY ("S_NUM")
  USING INDEX PCTFREE 10 INITRANS 2 MAXTRANS 255 COMPUTE STATISTICS 
  STORAGE(INITIAL 65536 NEXT 1048576 MINEXTENTS 1 MAXEXTENTS 2147483645
  PCTINCREASE 0 FREELISTS 1 FREELIST GROUPS 1 BUFFER_POOL DEFAULT FLASH_CACHE DEFAULT CELL_FLASH_CACHE DEFAULT)
  TABLESPACE "NZSDATA"  ENABLE;
 
  ALTER TABLE "NZS"."SELLER" ADD CONSTRAINT "SELLER_S_ID_UK" UNIQUE ("S_ID")
  USING INDEX PCTFREE 10 INITRANS 2 MAXTRANS 255 COMPUTE STATISTICS 
  STORAGE(INITIAL 65536 NEXT 1048576 MINEXTENTS 1 MAXEXTENTS 2147483645
  PCTINCREASE 0 FREELISTS 1 FREELIST GROUPS 1 BUFFER_POOL DEFAULT FLASH_CACHE DEFAULT CELL_FLASH_CACHE DEFAULT)
  TABLESPACE "NZSDATA"  ENABLE;
 
  ALTER TABLE "NZS"."SELLER" MODIFY ("S_NUM" NOT NULL ENABLE);
 
  ALTER TABLE "NZS"."SELLER" MODIFY ("CS_DIVISION" NOT NULL ENABLE);
 
  ALTER TABLE "NZS"."SELLER" MODIFY ("S_ID" NOT NULL ENABLE);
 
  ALTER TABLE "NZS"."SELLER" MODIFY ("S_PWD" NOT NULL ENABLE);
 
  ALTER TABLE "NZS"."SELLER" MODIFY ("S_NAME" NOT NULL ENABLE);
 
  ALTER TABLE "NZS"."SELLER" MODIFY ("S_GENDER" NOT NULL ENABLE);
 
  ALTER TABLE "NZS"."SELLER" MODIFY ("S_BIRTHDAY" NOT NULL ENABLE);
 
  ALTER TABLE "NZS"."SELLER" MODIFY ("S_ADDRESS" NOT NULL ENABLE);
 
  ALTER TABLE "NZS"."SELLER" MODIFY ("S_MAIL" NOT NULL ENABLE);
 
  ALTER TABLE "NZS"."SELLER" MODIFY ("S_PHONE" NOT NULL ENABLE);
 
  ALTER TABLE "NZS"."SELLER" MODIFY ("S_CELL" NOT NULL ENABLE);
--------------------------------------------------------
--  Constraints for Table SINFO
--------------------------------------------------------

  ALTER TABLE "NZS"."SINFO" ADD CONSTRAINT "SINFO_PK" PRIMARY KEY ("SIN_NUM")
  USING INDEX PCTFREE 10 INITRANS 2 MAXTRANS 255 COMPUTE STATISTICS 
  STORAGE(INITIAL 65536 NEXT 1048576 MINEXTENTS 1 MAXEXTENTS 2147483645
  PCTINCREASE 0 FREELISTS 1 FREELIST GROUPS 1 BUFFER_POOL DEFAULT FLASH_CACHE DEFAULT CELL_FLASH_CACHE DEFAULT)
  TABLESPACE "NZSDATA"  ENABLE;
 
  ALTER TABLE "NZS"."SINFO" MODIFY ("SIN_NUM" NOT NULL ENABLE);
 
  ALTER TABLE "NZS"."SINFO" MODIFY ("S_NUM" NOT NULL ENABLE);
 
  ALTER TABLE "NZS"."SINFO" MODIFY ("SIN_SMS" NOT NULL ENABLE);
 
  ALTER TABLE "NZS"."SINFO" MODIFY ("SIN_EMAIL" NOT NULL ENABLE);
 
  ALTER TABLE "NZS"."SINFO" MODIFY ("SIN_PROV1" NOT NULL ENABLE);
 
  ALTER TABLE "NZS"."SINFO" MODIFY ("SIN_PROV2" NOT NULL ENABLE);
 
  ALTER TABLE "NZS"."SINFO" MODIFY ("SIN_PROV3" NOT NULL ENABLE);
 
  ALTER TABLE "NZS"."SINFO" MODIFY ("SIN_PROV4" NOT NULL ENABLE);
 
  ALTER TABLE "NZS"."SINFO" MODIFY ("SIN_PROV5" NOT NULL ENABLE);
 
  ALTER TABLE "NZS"."SINFO" MODIFY ("PROSIN_NUM" NOT NULL ENABLE);
--------------------------------------------------------
--  Constraints for Table SREVIEW
--------------------------------------------------------

  ALTER TABLE "NZS"."SREVIEW" ADD CONSTRAINT "SREVIEW_PK" PRIMARY KEY ("SRV_NUM")
  USING INDEX PCTFREE 10 INITRANS 2 MAXTRANS 255 COMPUTE STATISTICS 
  STORAGE(INITIAL 65536 NEXT 1048576 MINEXTENTS 1 MAXEXTENTS 2147483645
  PCTINCREASE 0 FREELISTS 1 FREELIST GROUPS 1 BUFFER_POOL DEFAULT FLASH_CACHE DEFAULT CELL_FLASH_CACHE DEFAULT)
  TABLESPACE "NZSDATA"  ENABLE;
 
  ALTER TABLE "NZS"."SREVIEW" MODIFY ("SRV_NUM" NOT NULL ENABLE);
 
  ALTER TABLE "NZS"."SREVIEW" MODIFY ("C_NUM" NOT NULL ENABLE);
 
  ALTER TABLE "NZS"."SREVIEW" MODIFY ("S_NUM" NOT NULL ENABLE);
 
  ALTER TABLE "NZS"."SREVIEW" MODIFY ("SRV_CONTENT" NOT NULL ENABLE);
 
  ALTER TABLE "NZS"."SREVIEW" MODIFY ("SRV_SCOPE" NOT NULL ENABLE);
--------------------------------------------------------
--  Constraints for Table STORE
--------------------------------------------------------

  ALTER TABLE "NZS"."STORE" ADD CONSTRAINT "STORE_PK" PRIMARY KEY ("ST_NUM")
  USING INDEX PCTFREE 10 INITRANS 2 MAXTRANS 255 COMPUTE STATISTICS 
  STORAGE(INITIAL 65536 NEXT 1048576 MINEXTENTS 1 MAXEXTENTS 2147483645
  PCTINCREASE 0 FREELISTS 1 FREELIST GROUPS 1 BUFFER_POOL DEFAULT FLASH_CACHE DEFAULT CELL_FLASH_CACHE DEFAULT)
  TABLESPACE "NZSDATA"  ENABLE;
 
  ALTER TABLE "NZS"."STORE" ADD CONSTRAINT "STORE_ST_BNUM_UK" UNIQUE ("ST_BNUM", "ST_NAME")
  USING INDEX PCTFREE 10 INITRANS 2 MAXTRANS 255 COMPUTE STATISTICS 
  STORAGE(INITIAL 65536 NEXT 1048576 MINEXTENTS 1 MAXEXTENTS 2147483645
  PCTINCREASE 0 FREELISTS 1 FREELIST GROUPS 1 BUFFER_POOL DEFAULT FLASH_CACHE DEFAULT CELL_FLASH_CACHE DEFAULT)
  TABLESPACE "NZSDATA"  ENABLE;
 
  ALTER TABLE "NZS"."STORE" MODIFY ("ST_NUM" NOT NULL ENABLE);
 
  ALTER TABLE "NZS"."STORE" MODIFY ("S_NUM" NOT NULL ENABLE);
 
  ALTER TABLE "NZS"."STORE" MODIFY ("ST_BNUM" NOT NULL ENABLE);
 
  ALTER TABLE "NZS"."STORE" MODIFY ("ST_NAME" NOT NULL ENABLE);
 
  ALTER TABLE "NZS"."STORE" MODIFY ("ST_ADDRESS" NOT NULL ENABLE);
 
  ALTER TABLE "NZS"."STORE" MODIFY ("ST_EMAIL" NOT NULL ENABLE);
 
  ALTER TABLE "NZS"."STORE" MODIFY ("ST_HOURS" NOT NULL ENABLE);
 
  ALTER TABLE "NZS"."STORE" MODIFY ("ST_CELL" NOT NULL ENABLE);
 
  ALTER TABLE "NZS"."STORE" MODIFY ("ST_CEO" NOT NULL ENABLE);
 
  ALTER TABLE "NZS"."STORE" MODIFY ("ST_LAT" NOT NULL ENABLE);
 
  ALTER TABLE "NZS"."STORE" MODIFY ("ST_LON" NOT NULL ENABLE);
 
  ALTER TABLE "NZS"."STORE" MODIFY ("SI_DIVISION" NOT NULL ENABLE);
--------------------------------------------------------
--  Constraints for Table STOREIMAGE
--------------------------------------------------------

  ALTER TABLE "NZS"."STOREIMAGE" ADD CONSTRAINT "STOREIMAGE" PRIMARY KEY ("SI_DIVISION")
  USING INDEX PCTFREE 10 INITRANS 2 MAXTRANS 255 COMPUTE STATISTICS 
  STORAGE(INITIAL 65536 NEXT 1048576 MINEXTENTS 1 MAXEXTENTS 2147483645
  PCTINCREASE 0 FREELISTS 1 FREELIST GROUPS 1 BUFFER_POOL DEFAULT FLASH_CACHE DEFAULT CELL_FLASH_CACHE DEFAULT)
  TABLESPACE "NZSDATA"  ENABLE;
 
  ALTER TABLE "NZS"."STOREIMAGE" MODIFY ("SI_DIVISION" NOT NULL ENABLE);
 
  ALTER TABLE "NZS"."STOREIMAGE" MODIFY ("SI_IMAGE" NOT NULL ENABLE);
